seqnames,motif_start,motif_end,width,strand,motif_id,motif_alt_id,p.value,q.value,matched_sequence,type,feature_start,feature_end,locus_tag,acc,old_locus_tag,annotation
NC_015948.1,1315521,1315539,19,-,ATTHACTMGAAWMBKWGTA,MEME-1,8.92e-12,6.94e-5,ATTCACTCGAAACCGAGTA,promoter,1315395,1315599,HAH_RS06645,WP_044951809.1,HAH_1365,FAD-dependent oxidoreductase
NC_015948.1,1315521,1315539,19,+,ATTHACTMGAAWMBKWGTA,MEME-1,8.92e-12,6.94e-5,ATTCACTCGAAACCGAGTA,promoter,1315395,1315599,HAH_RS06650,WP_014040223.1,HAH_1366,2-oxoacid:acceptor oxidoreductase subunit alpha
NC_015948.1,1358582,1358600,19,-,ATTHACTMGAAWMBKWGTA,MEME-1,2.77e-9,0.0108,ATTCACTCGAAATGTAGTA,promoter,1358460,1358709,HAH_RS06895,WP_014040268.1,HAH_1418,3-hydroxyacyl-CoA dehydrogenase NAD-binding domain-containing protein
NC_015948.1,1358582,1358600,19,+,ATTHACTMGAAWMBKWGTA,MEME-1,2.77e-9,0.0108,ATTCACTCGAAATGTAGTA,promoter,1358479,1358728,HAH_RS06900,WP_014040269.1,HAH_1419,class 1 fructose-bisphosphatase
NC_015948.1,2237586,2237604,19,+,ATTHACTMGAAWMBKWGTA,MEME-1,5.26e-9,0.0136,ATTCACTCGAAATCGAGTG,promoter,2237553,2237673,HAH_RS11270,WP_014041022.1,HAH_2323,phosphoenolpyruvate synthase
NC_015948.1,832389,832407,19,+,ATTHACTMGAAWMBKWGTA,MEME-1,1.28e-8,0.0248,ATTCACTCGGTTCCGAGTC,promoter,832219,832468,HAH_RS04315,WP_014039807.1,HAH_0887,cysteine synthase A
NC_015948.1,1792844,1792862,19,+,ATTHACTMGAAWMBKWGTA,MEME-1,4.26e-8,0.0663,TTTCACTCGATTCGGAGTC,gene,1792840,1793430,HAH_RS08975,WP_014040638.1,HAH_1848,thioredoxin family protein
NC_015944.1,133790,133808,19,-,ATTHACTMGAAWMBKWGTA,MEME-1,5.83e-8,0.0756,ATGAACTCGAATCTGTGTA,promoter,133780,133893,HAH_RS17930,WP_014031120.1,HAH_5129,sugar porter family MFS transporter
NC_015948.1,168919,168937,19,-,ATTHACTMGAAWMBKWGTA,MEME-1,1.46e-7,0.162,TTTTACTCGATTCCGTGTC,promoter,168880,168953,HAH_RS19805,WP_004516449.1,HAH_0188,hypothetical protein
NC_015948.1,2701211,2701229,19,+,ATTHACTMGAAWMBKWGTA,MEME-1,2.18e-7,0.212,ATAGACTCGGAACCGAGTA,promoter,2701155,2701282,HAH_RS13650,WP_014041448.1,HAH_2806,riboflavin synthase
NC_015948.1,2701211,2701229,19,-,ATTHACTMGAAWMBKWGTA,MEME-1,2.18e-7,0.212,ATAGACTCGGAACCGAGTA,promoter,2701155,2701282,HAH_RS20000,WP_008307600.1,HAH_2805,hypothetical protein
NC_015948.1,458400,458418,19,+,ATTHACTMGAAWMBKWGTA,MEME-1,2.6e-7,0.225,GTTCACTACGAACGGTGTA,intergenic,458154,458466,NA,NA,NA,NA
NC_015948.1,2701208,2701226,19,+,ATTHACTMGAAWMBKWGTA,MEME-1,6.31e-7,0.491,AATTACTCGGTTCCGAGTC,promoter,2701155,2701282,HAH_RS13650,WP_014041448.1,HAH_2806,riboflavin synthase
NC_015948.1,2701208,2701226,19,-,ATTHACTMGAAWMBKWGTA,MEME-1,6.31e-7,0.491,AATTACTCGGTTCCGAGTC,promoter,2701155,2701282,HAH_RS20000,WP_008307600.1,HAH_2805,hypothetical protein
NC_015948.1,1358585,1358603,19,-,ATTHACTMGAAWMBKWGTA,MEME-1,9.71e-7,0.686,ATTTACTACATTTCGAGTG,promoter,1358460,1358709,HAH_RS06895,WP_014040268.1,HAH_1418,3-hydroxyacyl-CoA dehydrogenase NAD-binding domain-containing protein
NC_015948.1,1358585,1358603,19,+,ATTHACTMGAAWMBKWGTA,MEME-1,9.71e-7,0.686,ATTTACTACATTTCGAGTG,promoter,1358479,1358728,HAH_RS06900,WP_014040269.1,HAH_1419,class 1 fructose-bisphosphatase
NC_015948.1,1211529,1211547,19,-,ATTHACTMGAAWMBKWGTA,MEME-1,1.84e-6,1,ACTTACTACAAAAGTAGTA,promoter,1211488,1211584,HAH_RS06155,WP_014040138.1,HAH_1264,universal stress protein
NC_015948.1,2635523,2635541,19,-,ATTHACTMGAAWMBKWGTA,MEME-1,2.19e-6,1,ATTAACTCACATAGTTGTA,promoter,2635404,2635594,HAH_RS13280,WP_014041387.1,HAH_2729,aminopeptidase
NC_015948.1,2635523,2635541,19,+,ATTHACTMGAAWMBKWGTA,MEME-1,2.19e-6,1,ATTAACTCACATAGTTGTA,promoter,2635404,2635594,HAH_RS13285,WP_008307747.1,HAH_2730,type II glyceraldehyde-3-phosphate dehydrogenase
NC_015948.1,1631961,1631979,19,-,ATTHACTMGAAWMBKWGTA,MEME-1,2.74e-6,1,ACACACTCGAAACAGTGTA,gene,1630541,1632523,HAH_RS08165,WP_014040499.1,HAH_1681,long-chain fatty acid--CoA ligase
NC_015944.1,134417,134435,19,-,ATTHACTMGAAWMBKWGTA,MEME-1,2.93e-6,1,GTTTACTATAATTATAGTA,promoter,134374,134531,HAH_RS17935,WP_023842995.1,HAH_5130,universal stress protein
NC_015948.1,93670,93688,19,+,ATTHACTMGAAWMBKWGTA,MEME-1,3.62e-6,1,ACTACCTCGATACGGTGTC,gene,93258,94133,HAH_RS00485,WP_014039124.1,HAH_0101,MBL fold metallo-hydrolase
NC_015944.1,203356,203374,19,+,ATTHACTMGAAWMBKWGTA,MEME-1,3.99e-6,1,ACGAACTCGAACTGGAGTA,gene,201255,203789,HAH_RS18200,WP_044952813.1,HAH_5182,FAD-dependent oxidoreductase
NC_015948.1,1367594,1367612,19,-,ATTHACTMGAAWMBKWGTA,MEME-1,4.76e-6,1,ATGTACTCCAGCACGAGTA,gene,1367197,1367991,HAH_RS06935,WP_014040275.1,HAH_1427,aminoglycoside phosphotransferase
NC_015948.1,2563607,2563625,19,+,ATTHACTMGAAWMBKWGTA,MEME-1,5.25e-6,1,GTTACTTCTATACTGAGTA,intergenic,2563289,2563754,NA,NA,NA,NA
NC_015948.1,1235691,1235709,19,+,ATTHACTMGAAWMBKWGTA,MEME-1,5.47e-6,1,ACGCACGCGAGACCGAGTA,gene,1235432,1237240,HAH_RS06260,WP_014040157.1,HAH_1284,ABC transporter ATP-binding protein/permease
NC_015948.1,274240,274258,19,-,ATTHACTMGAAWMBKWGTA,MEME-1,5.66e-6,1,TTGCCCTCGGTTCCGAGTA,gene,273993,275075,HAH_RS01395,WP_014039291.1,HAH_0291,D-xylose 1-dehydrogenase
NC_015944.1,95399,95417,19,+,ATTHACTMGAAWMBKWGTA,MEME-1,6.93e-6,1,GTGTATTCGAGTCGTAGTC,intergenic,95250,95503,NA,NA,NA,NA
NC_015944.1,41559,41577,19,+,ATTHACTMGAAWMBKWGTA,MEME-1,7.29e-6,1,ATTCACGAGTGACGGTGTC,promoter,41478,41581,HAH_RS17470,WP_014031029.1,HAH_5034,Glu/Leu/Phe/Val dehydrogenase
NC_015944.1,41559,41577,19,+,ATTHACTMGAAWMBKWGTA,MEME-1,7.29e-6,1,ATTCACGAGTGACGGTGTC,promoter,41456,41581,HAH_RS19660,WP_014031028.1,HAH_5033,rubrerythrin-like domain-containing protein
NC_015943.1,61159,61177,19,-,ATTHACTMGAAWMBKWGTA,MEME-1,7.49e-6,1,ATTCAGTCAGAAACGTGTG,gene,61043,61516,HAH_RS15415,WP_023842893.1,NA,PrgI family protein
NC_015943.1,53060,53078,19,-,ATTHACTMGAAWMBKWGTA,MEME-1,7.64e-6,1,ATTAATGCTGTTTGGAGTA,gene,52829,53788,HAH_RS15385,WP_014030622.1,HAH_4065,hypothetical protein
NC_015943.1,21242,21260,19,-,ATTHACTMGAAWMBKWGTA,MEME-1,7.94e-6,1,ATTCAGTAAACACGGAGTC,gene,20769,23633,HAH_RS15225,WP_014030585.1,HAH_4025,UvrD-helicase domain-containing protein
NC_015944.1,249097,249115,19,+,ATTHACTMGAAWMBKWGTA,MEME-1,8.98e-6,1,GCGAAGTCGAAACCGTGTA,gene,248916,249116,HAH_RS18395,WP_008312239.1,HAH_5224,hypothetical protein
NC_015948.1,2028288,2028306,19,+,ATTHACTMGAAWMBKWGTA,MEME-1,9.5e-6,1,ACGCACTCGCTATCGAGTA,gene,2028182,2029513,HAH_RS10180,WP_014040843.1,HAH_2101,nickel pincer cofactor biosynthesis protein LarC
NC_015948.1,645912,645930,19,+,ATTHACTMGAAWMBKWGTA,MEME-1,9.5e-6,1,AAAAATTCGGTTCGGAGTA,intergenic,645894,645943,NA,NA,NA,NA
NC_015948.1,919561,919579,19,-,ATTHACTMGAAWMBKWGTA,MEME-1,9.64e-6,1,ACTATTTCGAGACGGAGTC,gene,918846,919616,HAH_RS04710,WP_014039884.1,HAH_0970,creatininase family protein
NC_015948.1,650367,650385,19,+,ATTHACTMGAAWMBKWGTA,MEME-1,9.81e-6,1,GTATCCTCGGATATGAGTA,promoter,650321,650378,HAH_RS03340,WP_014039640.1,HAH_0686,threonine--tRNA ligase
NC_015948.1,650367,650385,19,+,ATTHACTMGAAWMBKWGTA,MEME-1,9.81e-6,1,GTATCCTCGGATATGAGTA,gene,650379,652307,HAH_RS03340,WP_014039640.1,HAH_0686,threonine--tRNA ligase
NC_015948.1,2011236,2011254,19,-,ATTHACTMGAAWMBKWGTA,MEME-1,1.02e-5,1,ATTACGTCCAGACCGAGTG,promoter,2011216,2011332,HAH_RS10070,WP_225306771.1,HAH_2078,phosphate ABC transporter permease subunit PstC
NC_015944.1,134420,134438,19,-,ATTHACTMGAAWMBKWGTA,MEME-1,1.04e-5,1,AATTACTATAATTATAGTA,promoter,134374,134531,HAH_RS17935,WP_023842995.1,HAH_5130,universal stress protein
NC_015948.1,2166066,2166084,19,+,ATTHACTMGAAWMBKWGTA,MEME-1,1.08e-5,1,TTTCCGTCGAGAACGTGTA,gene,2165832,2166758,HAH_RS10920,WP_044951957.1,HAH_2250,polyprenyl diphosphate synthase
NC_015944.1,342697,342715,19,+,ATTHACTMGAAWMBKWGTA,MEME-1,1.1e-5,1,ATGTACTCGGCACTTTGTC,gene,342387,342746,HAH_RS18810,WP_014031290.1,HAH_5309,hypothetical protein
NC_015943.1,83719,83737,19,-,ATTHACTMGAAWMBKWGTA,MEME-1,1.11e-5,1,ATACCGTCGATACTGAGTA,intergenic,83650,83862,NA,NA,NA,NA
NC_015948.1,36857,36875,19,+,ATTHACTMGAAWMBKWGTA,MEME-1,1.25e-5,1,TTTCACGCAAACTGGAGTA,gene,35470,37515,HAH_RS00210,WP_014039074.1,HAH_0043,DEAD/DEAH box helicase
NC_015948.1,1615643,1615661,19,-,ATTHACTMGAAWMBKWGTA,MEME-1,1.26e-5,1,ACACACGATAAACCGAGTA,gene,1615461,1616222,HAH_RS19110,WP_079891615.1,NA,hypothetical protein
NC_015943.1,143592,143610,19,-,ATTHACTMGAAWMBKWGTA,MEME-1,1.35e-5,1,GCTGACTCGTTACGGAGTC,gene,143197,145359,HAH_RS15890,WP_044952751.1,HAH_4167,type I-B CRISPR-associated protein Cas8b/Csh1
NC_015948.1,2333886,2333904,19,+,ATTHACTMGAAWMBKWGTA,MEME-1,1.37e-5,1,GTGACCACGATACCGAGTA,gene,2333000,2334523,HAH_RS11710,WP_014041106.1,HAH_2415,phytoene desaturase family protein
NC_015948.1,2381756,2381774,19,+,ATTHACTMGAAWMBKWGTA,MEME-1,1.37e-5,1,GTTCACACCGAACTTTGTC,gene,2381253,2382026,HAH_RS11965,WP_014041153.1,HAH_2465,SDR family oxidoreductase
NC_015944.1,72054,72072,19,-,ATTHACTMGAAWMBKWGTA,MEME-1,1.39e-5,1,AAGAACTCGACAAGGAGTG,gene,71744,72148,HAH_RS17590,WP_014031052.1,HAH_5058,helix-turn-helix domain-containing protein
NC_015948.1,678977,678995,19,+,ATTHACTMGAAWMBKWGTA,MEME-1,1.4e-5,1,ACTCCCTCAAGACGGAGTC,gene,677626,679242,HAH_RS03485,WP_233425848.1,HAH_0716,S8 family serine peptidase
NC_015948.1,2237589,2237607,19,+,ATTHACTMGAAWMBKWGTA,MEME-1,1.41e-5,1,CTTCACTCGATTTCGAGTG,promoter,2237553,2237673,HAH_RS11270,WP_014041022.1,HAH_2323,phosphoenolpyruvate synthase
NC_015943.1,129326,129344,19,+,ATTHACTMGAAWMBKWGTA,MEME-1,1.42e-5,1,GTTCTGTCGAGATGGAGTC,gene,128600,129484,HAH_RS15825,WP_014030704.1,HAH_4153,HNH endonuclease
NC_015948.1,959945,959963,19,-,ATTHACTMGAAWMBKWGTA,MEME-1,1.47e-5,1,GTTATTTCGGCTCCGAGTG,promoter,959873,959974,HAH_RS04915,WP_004962786.1,HAH_1011,CBS domain-containing protein
NC_015948.1,959945,959963,19,+,ATTHACTMGAAWMBKWGTA,MEME-1,1.47e-5,1,GTTATTTCGGCTCCGAGTG,promoter,959873,959974,HAH_RS04920,WP_014039920.1,HAH_1012,Gfo/Idh/MocA family oxidoreductase
NC_015948.1,2731610,2731628,19,-,ATTHACTMGAAWMBKWGTA,MEME-1,1.47e-5,1,ACTACGGCGAATCCGAGTA,gene,2730814,2732079,HAH_RS13815,WP_005537153.1,HAH_2841,translation elongation factor EF-1 subunit alpha
NC_015948.1,168916,168934,19,-,ATTHACTMGAAWMBKWGTA,MEME-1,1.5e-5,1,GCTGACACGGAATCGAGTA,promoter,168880,168953,HAH_RS19805,WP_004516449.1,HAH_0188,hypothetical protein
NC_015944.1,389787,389805,19,-,ATTHACTMGAAWMBKWGTA,MEME-1,1.53e-5,1,ACTCCCTCTAACAGTAGTA,intergenic,389724,389807,NA,NA,NA,NA
NC_015943.1,369947,369965,19,-,ATTHACTMGAAWMBKWGTA,MEME-1,1.56e-5,1,ACTTTCTCGAACATTAGTA,gene,368182,369960,HAH_RS16870,WP_014030909.1,HAH_4373,acetyl-CoA carboxylase biotin carboxylase subunit
NC_015943.1,369947,369965,19,-,ATTHACTMGAAWMBKWGTA,MEME-1,1.56e-5,1,ACTTTCTCGAACATTAGTA,gene,369960,371126,HAH_RS16875,WP_014030910.1,HAH_4374,acyl-CoA/acyl-ACP dehydrogenase
NC_015943.1,219980,219998,19,-,ATTHACTMGAAWMBKWGTA,MEME-1,1.58e-5,1,GTGTATTCGACTCGTAGTG,gene,219463,220014,HAH_RS16210,WP_014030783.1,HAH_4237,diadenylate cyclase
NC_015948.1,565351,565369,19,+,ATTHACTMGAAWMBKWGTA,MEME-1,1.65e-5,1,GCGGATTCGAAACCGAGTC,gene,563211,566231,HAH_RS02910,WP_014039563.1,HAH_0600,PAS domain S-box protein
NC_015948.1,386752,386770,19,-,ATTHACTMGAAWMBKWGTA,MEME-1,1.7e-5,1,ACAAACTCGACATGGAGTG,gene,386385,387176,HAH_RS01990,WP_008311121.1,HAH_0414,electron transfer flavoprotein subunit beta/FixA family protein
NC_015948.1,2871799,2871817,19,-,ATTHACTMGAAWMBKWGTA,MEME-1,1.85e-5,1,GTTACCTCGGACAGTTGTC,intergenic,2871761,2871939,NA,NA,NA,NA
NC_015948.1,1108645,1108663,19,+,ATTHACTMGAAWMBKWGTA,MEME-1,1.88e-5,1,TTTGTCGCGGAACTGAGTA,gene,1108393,1108872,HAH_RS05710,WP_007187990.1,HAH_1175,hypothetical protein
NC_015948.1,2431509,2431527,19,+,ATTHACTMGAAWMBKWGTA,MEME-1,1.92e-5,1,ATTCAGTACCTTTTGAGTA,gene,2431174,2431968,HAH_RS12160,WP_023843403.1,NA,hypothetical protein
NC_015948.1,2700128,2700146,19,+,ATTHACTMGAAWMBKWGTA,MEME-1,1.92e-5,1,GTGTTCTCCAGAACGAGTA,gene,2699806,2701011,HAH_RS13645,WP_014041447.1,HAH_2804,phosphoglycerate kinase
NC_015948.1,612801,612819,19,-,ATTHACTMGAAWMBKWGTA,MEME-1,2e-5,1,ATGTATTCGAGCATGAGTC,gene,612638,613900,HAH_RS03145,WP_014039605.1,HAH_0647,isocitrate dehydrogenase (NADP(+))
NC_015948.1,2338435,2338453,19,-,ATTHACTMGAAWMBKWGTA,MEME-1,2.07e-5,1,GTTCACACAGGTCGGTGTC,gene,2337256,2338569,HAH_RS11735,WP_014041111.1,HAH_2420,MFS transporter
NC_015948.1,1770534,1770552,19,-,ATTHACTMGAAWMBKWGTA,MEME-1,2.14e-5,1,GCTCTCTCGGGTAGTAGTA,promoter,1770535,1770614,HAH_RS08865,WP_014040621.1,HAH_1825,threonine/serine dehydratase
NC_015948.1,1770534,1770552,19,+,ATTHACTMGAAWMBKWGTA,MEME-1,2.14e-5,1,GCTCTCTCGGGTAGTAGTA,promoter,1770535,1770614,HAH_RS08870,WP_008308731.1,HAH_1826,class IV adenylate cyclase
NC_015948.1,136839,136857,19,+,ATTHACTMGAAWMBKWGTA,MEME-1,2.16e-5,1,ATTTCCGAGTATCGGTGTC,gene,136399,137241,HAH_RS00715,WP_014039167.1,HAH_0149,alpha/beta hydrolase
NC_015948.1,1478939,1478957,19,-,ATTHACTMGAAWMBKWGTA,MEME-1,2.17e-5,1,ATTTACTCGCATTCGATTA,promoter,1478796,1479045,HAH_RS07530,WP_023843263.1,HAH_1549,ABC transporter substrate-binding protein
NC_015943.1,77536,77554,19,-,ATTHACTMGAAWMBKWGTA,MEME-1,2.22e-5,1,GTTCCGTCGGGTTCGAGTC,gene,76484,77908,HAH_RS15490,WP_233425876.1,HAH_4086,type IV secretion system DNA-binding domain-containing protein
NC_015948.1,443969,443987,19,+,ATTHACTMGAAWMBKWGTA,MEME-1,2.23e-5,1,ACGACTTCGAGACGGAGTA,gene,443689,444555,HAH_RS02290,WP_008311015.1,HAH_0475,CheF family chemotaxis protein
NC_015948.1,857709,857727,19,+,ATTHACTMGAAWMBKWGTA,MEME-1,2.28e-5,1,ACGAACTCGACACAGAGTG,gene,857123,857845,HAH_RS04440,WP_014039831.1,HAH_0913,hypothetical protein
NC_015948.1,1323226,1323244,19,+,ATTHACTMGAAWMBKWGTA,MEME-1,2.3e-5,1,TCGTTCTCGAAACCGAGTC,gene,1323135,1324370,HAH_RS06685,WP_014040230.1,HAH_1373,NAD(P)/FAD-dependent oxidoreductase
NC_015948.1,1570121,1570139,19,+,ATTHACTMGAAWMBKWGTA,MEME-1,2.32e-5,1,ATTAATAACAATAGTTGTC,promoter,1570087,1570336,HAH_RS07930,WP_014040453.1,HAH_1633,glycosyltransferase family 2 protein
NC_015948.1,1131513,1131531,19,-,ATTHACTMGAAWMBKWGTA,MEME-1,2.37e-5,1,GTAAACGCCAGTCCGAGTG,gene,1130954,1131628,HAH_RS05810,WP_014040076.1,HAH_1196,site-2 protease family protein
NC_015944.1,330326,330344,19,-,ATTHACTMGAAWMBKWGTA,MEME-1,2.39e-5,1,GTGATTTCGAACCCGAGTC,gene,329896,330996,HAH_RS18765,WP_014031281.1,HAH_5300,ABC transporter permease
NC_015948.1,1196867,1196885,19,+,ATTHACTMGAAWMBKWGTA,MEME-1,2.45e-5,1,ATTAACTATGAACGCTGTA,promoter,1196816,1196915,HAH_RS06110,WP_014040129.1,HAH_1255,pyruvate kinase
NC_015943.1,71201,71219,19,-,ATTHACTMGAAWMBKWGTA,MEME-1,2.45e-5,1,ACTTCGTCGAAATCGTGTC,gene,70939,71334,HAH_RS20115,WP_233425875.1,NA,halocyanin domain-containing protein
NC_015948.1,2366656,2366674,19,-,ATTHACTMGAAWMBKWGTA,MEME-1,2.48e-5,1,ATTGATGCGGATTGTTGTC,gene,2366670,2366903,HAH_RS11890,WP_008308192.1,HAH_2451,HTH domain-containing protein
NC_015948.1,2366656,2366674,19,-,ATTHACTMGAAWMBKWGTA,MEME-1,2.48e-5,1,ATTGATGCGGATTGTTGTC,intergenic,2366463,2366669,NA,NA,NA,NA
NC_015948.1,1487720,1487738,19,-,ATTHACTMGAAWMBKWGTA,MEME-1,2.55e-5,1,GTTAACTCGATGTCGAGTG,gene,1487653,1488642,HAH_RS07575,WP_014040386.1,HAH_1558,aldo/keto reductase
NC_015948.1,513562,513580,19,-,ATTHACTMGAAWMBKWGTA,MEME-1,2.56e-5,1,TTGTATTCGGTTAGGAGTG,promoter,513471,513579,HAH_RS02630,WP_014039518.1,HAH_0543,anthranilate phosphoribosyltransferase
NC_015948.1,513562,513580,19,+,ATTHACTMGAAWMBKWGTA,MEME-1,2.56e-5,1,TTGTATTCGGTTAGGAGTG,promoter,513471,513579,HAH_RS02635,WP_014039519.1,HAH_0544,AsnC family transcriptional regulator
NC_015943.1,470064,470082,19,-,ATTHACTMGAAWMBKWGTA,MEME-1,2.58e-5,1,TTTCTCTCTAGCCAGAGTA,gene,469678,470145,HAH_RS17215,WP_014030979.1,HAH_4445,pyridoxamine 5'-phosphate oxidase family protein
NC_015944.1,142296,142314,19,+,ATTHACTMGAAWMBKWGTA,MEME-1,2.63e-5,1,AATCCCTACGATTCGAGTC,gene,140835,143240,HAH_RS17965,WP_014031127.1,HAH_5136,DUF2309 domain-containing protein
NC_015948.1,2543519,2543537,19,-,ATTHACTMGAAWMBKWGTA,MEME-1,2.67e-5,1,ATACAGTCGGCTTCGAGTG,gene,2543035,2543712,HAH_RS12770,WP_014041298.1,HAH_2627,phosphate signaling complex protein PhoU
NC_015943.1,288184,288202,19,+,ATTHACTMGAAWMBKWGTA,MEME-1,2.67e-5,1,GATACGTCGGAACCGAGTC,gene,287503,288318,HAH_RS20200,WP_233425857.1,HAH_4299,hypothetical protein
NC_015944.1,359044,359062,19,+,ATTHACTMGAAWMBKWGTA,MEME-1,2.68e-5,1,GCTACTTCGGTTCCGAGTC,gene,358863,362027,HAH_RS18900,WP_014031308.1,HAH_5327,GAF domain-containing protein
NC_015948.1,1726825,1726843,19,-,ATTHACTMGAAWMBKWGTA,MEME-1,2.71e-5,1,TTTGACGAGCCACCGAGTA,promoter,1726816,1726872,HAH_RS08640,WP_014040583.1,HAH_1780,RNA-binding protein
NC_015948.1,1726825,1726843,19,-,ATTHACTMGAAWMBKWGTA,MEME-1,2.71e-5,1,TTTGACGAGCCACCGAGTA,promoter,1726816,1727065,HAH_RS08645,WP_004515500.1,HAH_1781,hypothetical protein
NC_015948.1,186931,186949,19,+,ATTHACTMGAAWMBKWGTA,MEME-1,2.71e-5,1,GCTTCCTCCAGAACGTGTA,gene,185043,187730,HAH_RS00985,WP_014039220.1,HAH_0207,leucine--tRNA ligase
NC_015948.1,2529170,2529188,19,-,ATTHACTMGAAWMBKWGTA,MEME-1,2.88e-5,1,ATTCAGACGGACTGTTGTA,promoter,2529028,2529226,HAH_RS12685,WP_014041281.1,HAH_2610,hypothetical protein
NC_015948.1,2529170,2529188,19,+,ATTHACTMGAAWMBKWGTA,MEME-1,2.88e-5,1,ATTCAGACGGACTGTTGTA,promoter,2529028,2529226,HAH_RS12690,WP_014041282.1,HAH_2611,geranylgeranyl reductase family protein
NC_015943.1,345794,345812,19,-,ATTHACTMGAAWMBKWGTA,MEME-1,3.01e-5,1,GTTCACACGCCATGGTGTC,gene,344300,347149,HAH_RS16750,WP_014030886.1,HAH_4348,penicillin acylase family protein
NC_015948.1,2921144,2921162,19,+,ATTHACTMGAAWMBKWGTA,MEME-1,3.03e-5,1,TTTAATTACAGCAGTAGTA,promoter,2921058,2921176,HAH_RS14795,WP_023843464.1,HAH_3040,substrate-binding protein
NC_015948.1,1280977,1280995,19,-,ATTHACTMGAAWMBKWGTA,MEME-1,3.17e-5,1,ACTGAGACGGATCGGTGTA,gene,1280991,1282079,HAH_RS06485,WP_014040199.1,HAH_1331,TRC40/GET3/ArsA family transport-energizing ATPase
NC_015948.1,1280977,1280995,19,-,ATTHACTMGAAWMBKWGTA,MEME-1,3.17e-5,1,ACTGAGACGGATCGGTGTA,intergenic,1280959,1280990,NA,NA,NA,NA
NC_015944.1,95098,95116,19,+,ATTHACTMGAAWMBKWGTA,MEME-1,3.18e-5,1,ATGATTTCGGTTCGTAGTC,gene,94806,95249,HAH_RS17730,WP_014031079.1,HAH_5086,MaoC family dehydratase
NC_015944.1,121472,121490,19,+,ATTHACTMGAAWMBKWGTA,MEME-1,3.25e-5,1,GCTCACGCTGAAACTAGTC,gene,121469,122341,HAH_RS17865,WP_014031108.1,HAH_5116,universal stress protein
NC_015948.1,1489835,1489853,19,+,ATTHACTMGAAWMBKWGTA,MEME-1,3.35e-5,1,ATTTACAACATCAGTTGTA,promoter,1489662,1489911,HAH_RS07585,WP_014040388.1,HAH_1560,orotate phosphoribosyltransferase-like protein
NC_015943.1,41082,41100,19,-,ATTHACTMGAAWMBKWGTA,MEME-1,3.35e-5,1,TTTGAGTCCAATTCTTGTC,promoter,40975,41224,HAH_RS15315,WP_014030605.1,HAH_4046,helix-turn-helix domain-containing protein
NC_015948.1,1029591,1029609,19,-,ATTHACTMGAAWMBKWGTA,MEME-1,3.36e-5,1,GTTCCGTAGAACAGGAGTG,gene,1028489,1030498,HAH_RS05300,WP_044952190.1,HAH_1090,TRAP transporter fused permease subunit
NC_015944.1,139092,139110,19,+,ATTHACTMGAAWMBKWGTA,MEME-1,3.43e-5,1,TCATAGTCGAATCTGTGTA,intergenic,138918,139107,NA,NA,NA,NA
NC_015948.1,501532,501550,19,-,ATTHACTMGAAWMBKWGTA,MEME-1,3.54e-5,1,ACGAACACGAGTTCGAGTC,gene,501219,501743,HAH_RS02575,WP_014039507.1,HAH_0532,hypothetical protein
NC_015948.1,2186840,2186858,19,+,ATTHACTMGAAWMBKWGTA,MEME-1,3.71e-5,1,GCTGTCTCGAACAGGTGTA,gene,2186548,2187885,HAH_RS11020,WP_008312608.1,HAH_2271,hydroxymethylglutaryl-CoA synthase family protein
NC_015948.1,1999115,1999133,19,-,ATTHACTMGAAWMBKWGTA,MEME-1,3.73e-5,1,ATTACCGCGATCTCGTGTG,gene,1996585,1999683,HAH_RS10020,WP_014040815.1,HAH_2068,PAS domain S-box protein
NC_015948.1,1877174,1877192,19,+,ATTHACTMGAAWMBKWGTA,MEME-1,3.74e-5,1,TTTCAGTCCCACCCGTGTC,promoter,1877152,1877401,HAH_RS09385,WP_014040712.1,HAH_1939,glycosyltransferase family 4 protein
NC_015944.1,321296,321314,19,-,ATTHACTMGAAWMBKWGTA,MEME-1,3.85e-5,1,ATTCTTACTGGACTGAGTA,intergenic,321144,321357,NA,NA,NA,NA
NC_015948.1,731220,731238,19,-,ATTHACTMGAAWMBKWGTA,MEME-1,3.89e-5,1,GTTCCTGCTAATCTGTGTC,gene,730332,731669,HAH_RS03765,WP_014039714.1,HAH_0772,sodium-dependent transporter
NC_015943.1,177961,177979,19,-,ATTHACTMGAAWMBKWGTA,MEME-1,3.99e-5,1,ATTGATACTGGTCGGTGTC,intergenic,177621,178314,NA,NA,NA,NA
NC_015948.1,2118791,2118809,19,-,ATTHACTMGAAWMBKWGTA,MEME-1,4.05e-5,1,ACGACCTCGAGTTCGAGTG,gene,2118133,2120337,HAH_RS10630,WP_014040909.1,HAH_2192,amino acid permease
NC_015948.1,1020219,1020237,19,-,ATTHACTMGAAWMBKWGTA,MEME-1,4.07e-5,1,ACAAACGCGAACAGTAGTA,promoter,1020167,1020285,HAH_RS05250,WP_004962592.1,HAH_1079,aldolase
NC_015948.1,2492483,2492501,19,-,ATTHACTMGAAWMBKWGTA,MEME-1,4.07e-5,1,TATGATTCCGAACCGAGTG,promoter,2492341,2492506,HAH_RS12490,WP_004958397.1,HAH_2571,DUF6432 family protein
NC_015948.1,1020219,1020237,19,+,ATTHACTMGAAWMBKWGTA,MEME-1,4.07e-5,1,ACAAACGCGAACAGTAGTA,promoter,1020167,1020285,HAH_RS19890,WP_004962590.1,HAH_1080,hypothetical protein
NC_015948.1,1268623,1268641,19,-,ATTHACTMGAAWMBKWGTA,MEME-1,4.13e-5,1,GATCACTCGTGCCTGAGTG,gene,1268625,1269860,HAH_RS06430,WP_014040187.1,HAH_1319,ABC transporter permease
NC_015944.1,152398,152416,19,-,ATTHACTMGAAWMBKWGTA,MEME-1,4.17e-5,1,TCTCACGCGTATCCTTGTC,gene,151583,152461,HAH_RS18005,WP_044952797.1,HAH_5144,carbohydrate ABC transporter permease
NC_015948.1,1534488,1534506,19,-,ATTHACTMGAAWMBKWGTA,MEME-1,4.29e-5,1,TCGAACTCGGCCCCGAGTA,gene,1534330,1537812,HAH_RS07790,WP_023843270.1,HAH_1601,hypothetical protein
NC_015948.1,1924336,1924354,19,-,ATTHACTMGAAWMBKWGTA,MEME-1,4.33e-5,1,TCGAAGTCGAAATGGAGTC,gene,1923612,1926380,HAH_RS09650,WP_014040753.1,HAH_1992,surface glycoprotein
NC_015948.1,716018,716036,19,-,ATTHACTMGAAWMBKWGTA,MEME-1,4.37e-5,1,AAGAACGCGAACAGGAGTC,gene,715933,716673,HAH_RS03690,WP_014039700.1,HAH_0758,NAD(P)/FAD-dependent oxidoreductase
NC_015948.1,1486724,1486742,19,-,ATTHACTMGAAWMBKWGTA,MEME-1,4.39e-5,1,ACTCCTTCGTTTCCGTGTC,gene,1486515,1487591,HAH_RS07570,WP_014040385.1,HAH_1557,TrmB family transcriptional regulator
NC_015944.1,87858,87876,19,+,ATTHACTMGAAWMBKWGTA,MEME-1,4.43e-5,1,TTGCACGCCAATTCTAGTG,promoter,87852,88101,HAH_RS17700,WP_014031073.1,HAH_5080,urea ABC transporter substrate-binding protein
NC_015944.1,281378,281396,19,-,ATTHACTMGAAWMBKWGTA,MEME-1,4.45e-5,1,ACACTCACGAGACCGAGTA,intergenic,281339,281756,NA,NA,NA,NA
NC_015943.1,300267,300285,19,-,ATTHACTMGAAWMBKWGTA,MEME-1,4.51e-5,1,AAATCGTCGAAAAGGAGTA,gene,299837,301369,HAH_RS16575,WP_014030851.1,HAH_4313,2-oxo acid dehydrogenase subunit E2
NC_015948.1,2324555,2324573,19,+,ATTHACTMGAAWMBKWGTA,MEME-1,4.56e-5,1,TCGTACTCGACCACGAGTA,gene,2323912,2326344,HAH_RS11680,WP_014041100.1,HAH_2409,methyl-accepting chemotaxis protein
NC_015948.1,2751053,2751071,19,-,ATTHACTMGAAWMBKWGTA,MEME-1,4.6e-5,1,ATAAACGCGCCTTCGAGTC,gene,2750830,2751174,HAH_RS13895,WP_014041491.1,HAH_2857,hypothetical protein
NC_015948.1,1604752,1604770,19,-,ATTHACTMGAAWMBKWGTA,MEME-1,4.62e-5,1,AAAAACTACGATCAGTGTA,gene,1604240,1605430,HAH_RS19095,WP_079891614.1,NA,glycosyltransferase family 4 protein
NC_015948.1,1510096,1510114,19,+,ATTHACTMGAAWMBKWGTA,MEME-1,4.74e-5,1,GATAACGACGAACGGTGTC,gene,1509656,1510864,HAH_RS07690,WP_023843267.1,HAH_1581,MoxR family ATPase
NC_015948.1,897145,897163,19,+,ATTHACTMGAAWMBKWGTA,MEME-1,4.8e-5,1,GTGAACGCCGCACCGAGTC,gene,896778,898085,HAH_RS04580,WP_014039861.1,HAH_0943,MFS transporter
NC_015943.1,242875,242893,19,-,ATTHACTMGAAWMBKWGTA,MEME-1,4.81e-5,1,GTTACTTCCCAAATGAGTC,promoter,242797,243046,HAH_RS16320,NA,HAH_4261,IS1595 family transposase
NC_015948.1,1331672,1331690,19,+,ATTHACTMGAAWMBKWGTA,MEME-1,4.81e-5,1,ACGACCTCTACAACGAGTA,gene,1331359,1331841,HAH_RS06740,WP_008309382.1,HAH_1384,hypothetical protein
NC_015944.1,173025,173043,19,+,ATTHACTMGAAWMBKWGTA,MEME-1,4.81e-5,1,GGTCACGCGAATCGGTGTC,gene,172981,173904,HAH_RS18085,WP_225308163.1,HAH_5160,DUF1616 domain-containing protein
NC_015948.1,2791033,2791051,19,-,ATTHACTMGAAWMBKWGTA,MEME-1,4.96e-5,1,ATGAAGACGGTAACGAGTC,gene,2790324,2791622,HAH_RS14100,WP_014041523.1,HAH_2900,ABC transporter substrate-binding protein
NC_015944.1,358648,358666,19,+,ATTHACTMGAAWMBKWGTA,MEME-1,5.01e-5,1,TATACCTCGGGACTTTGTA,promoter,358613,358862,HAH_RS18900,WP_014031308.1,HAH_5327,GAF domain-containing protein
NC_015948.1,1187534,1187552,19,-,ATTHACTMGAAWMBKWGTA,MEME-1,5.06e-5,1,ATTTACTCGCTACTGTGAA,gene,1187535,1188572,HAH_RS06070,WP_014040121.1,HAH_1247,tyrosine-type recombinase/integrase
NC_015943.1,380467,380485,19,-,ATTHACTMGAAWMBKWGTA,MEME-1,5.06e-5,1,TTATCGTCGGAACGGAGTC,gene,379890,382298,HAH_RS16910,WP_044952599.1,HAH_4381,cation-translocating P-type ATPase
NC_015948.1,2713530,2713548,19,+,ATTHACTMGAAWMBKWGTA,MEME-1,5.1e-5,1,AATTAGTAAGATCTGAGTC,gene,2713137,2714453,HAH_RS19170,WP_014041461.1,HAH_2820,pentapeptide repeat-containing protein
NC_015944.1,222535,222553,19,-,ATTHACTMGAAWMBKWGTA,MEME-1,5.12e-5,1,TTTCAGAATAACAGGAGTA,promoter,222446,222695,HAH_RS18270,WP_014031185.1,HAH_5197,FAD-dependent oxidoreductase
NC_015944.1,200972,200990,19,+,ATTHACTMGAAWMBKWGTA,MEME-1,5.14e-5,1,TTTTTTTACAGAATGAGTA,intergenic,200343,201004,NA,NA,NA,NA
NC_015944.1,314678,314696,19,-,ATTHACTMGAAWMBKWGTA,MEME-1,5.16e-5,1,GTACATACGGATTGTTGTA,promoter,314630,314762,HAH_RS18685,WP_044952840.1,HAH_5284,carotenoid oxygenase family protein
NC_015943.1,432172,432190,19,-,ATTHACTMGAAWMBKWGTA,MEME-1,5.16e-5,1,ATCAACACGAACCGGTGTA,gene,431102,432283,HAH_RS17075,WP_014030950.1,HAH_4415,4Fe-4S dicluster domain-containing protein
NC_015948.1,416758,416776,19,+,ATTHACTMGAAWMBKWGTA,MEME-1,5.23e-5,1,ACGCCCTCCGCTCCGAGTA,gene,416547,417008,HAH_RS02130,WP_008311072.1,HAH_0443,30S ribosomal protein S19e
NC_015944.1,175901,175919,19,+,ATTHACTMGAAWMBKWGTA,MEME-1,5.28e-5,1,GTAGTTTCCAATACGAGTA,promoter,175839,175982,HAH_RS18095,WP_233425884.1,HAH_5162,sulfatase
NC_015948.1,1868450,1868468,19,-,ATTHACTMGAAWMBKWGTA,MEME-1,5.3e-5,1,ATGCTCTCCACAACTAGTG,promoter,1868371,1868620,HAH_RS09325,WP_014040703.1,HAH_1926,fumarylacetoacetate hydrolase family protein
NC_015943.1,311832,311850,19,-,ATTHACTMGAAWMBKWGTA,MEME-1,5.33e-5,1,ATAAATTAGGAAAATTGTC,intergenic,311212,311900,NA,NA,NA,NA
NC_015948.1,420783,420801,19,+,ATTHACTMGAAWMBKWGTA,MEME-1,5.37e-5,1,GTTCACTCGGTTTCGAGGC,gene,420377,420799,HAH_RS02155,WP_014039430.1,HAH_0448,SHOCT domain-containing protein
NC_015948.1,2532039,2532057,19,-,ATTHACTMGAAWMBKWGTA,MEME-1,5.48e-5,1,ACGAACACGGCACGGAGTC,gene,2531399,2532199,HAH_RS12700,WP_014041284.1,HAH_2613,sulfurtransferase
NC_015948.1,2681049,2681067,19,-,ATTHACTMGAAWMBKWGTA,MEME-1,5.5e-5,1,GCTGATTCTGGTCGGAGTG,gene,2680464,2681207,HAH_RS13550,WP_014041429.1,HAH_2784,DUF429 domain-containing protein
NC_015944.1,195237,195255,19,-,ATTHACTMGAAWMBKWGTA,MEME-1,5.55e-5,1,TAACACTCTCAAACGTGTA,promoter,195194,195437,HAH_RS18175,WP_014031166.1,HAH_5177,PTS fructose transporter subunit IIC
NC_015944.1,195237,195255,19,+,ATTHACTMGAAWMBKWGTA,MEME-1,5.55e-5,1,TAACACTCTCAAACGTGTA,promoter,195194,195437,HAH_RS18180,WP_023843005.1,HAH_5178,chromosome segregation protein SMC
NC_015948.1,2460574,2460592,19,+,ATTHACTMGAAWMBKWGTA,MEME-1,5.6e-5,1,GCATCCTCGGCTCCGAGTA,gene,2459031,2460980,HAH_RS12310,WP_044952022.1,HAH_2535,ABC transporter substrate-binding protein
NC_015948.1,2454939,2454957,19,+,ATTHACTMGAAWMBKWGTA,MEME-1,5.7e-5,1,ATGCCCTCGAAACGCTGTA,gene,2454461,2455369,HAH_RS12290,WP_014041213.1,HAH_2531,serine/threonine-protein kinase RIO2
NC_015948.1,2278160,2278178,19,-,ATTHACTMGAAWMBKWGTA,MEME-1,5.75e-5,1,TTGTCGTCGGATCGGAGTG,promoter,2277957,2278206,HAH_RS11460,WP_014041055.1,HAH_2362,hypothetical protein
NC_015948.1,2278160,2278178,19,+,ATTHACTMGAAWMBKWGTA,MEME-1,5.75e-5,1,TTGTCGTCGGATCGGAGTG,promoter,2278111,2278360,HAH_RS11465,WP_014041057.1,HAH_2364,hypothetical protein
NC_015948.1,1794597,1794615,19,+,ATTHACTMGAAWMBKWGTA,MEME-1,5.92e-5,1,ATGACGTCGTGTACGAGTA,gene,1794032,1795069,HAH_RS08980,WP_014040641.1,HAH_1851,hypothetical protein
NC_015948.1,349054,349072,19,+,ATTHACTMGAAWMBKWGTA,MEME-1,5.98e-5,1,GTGGTCTAGAGAAGGAGTC,gene,348424,349632,HAH_RS01770,WP_014039363.1,HAH_0368,glycosyltransferase family 4 protein
NC_015948.1,2128188,2128206,19,-,ATTHACTMGAAWMBKWGTA,MEME-1,6.08e-5,1,ATTAACTCTGTACCTAGAC,promoter,2128156,2128263,HAH_RS10680,WP_230458846.1,HAH_2202,helix-turn-helix domain-containing protein
NC_015944.1,186779,186797,19,+,ATTHACTMGAAWMBKWGTA,MEME-1,6.08e-5,1,GTGAACACCGGACGGTGTC,intergenic,186718,186795,NA,NA,NA,NA
NC_015948.1,813021,813039,19,-,ATTHACTMGAAWMBKWGTA,MEME-1,6.19e-5,1,TCGACTTCGAGTCGGAGTA,gene,813020,813424,HAH_RS04205,WP_014039788.1,HAH_0864,peptide-methionine (R)-S-oxide reductase MsrB
NC_015948.1,420780,420798,19,+,ATTHACTMGAAWMBKWGTA,MEME-1,6.28e-5,1,TCAGCCTCGAAACCGAGTG,gene,420377,420799,HAH_RS02155,WP_014039430.1,HAH_0448,SHOCT domain-containing protein
NC_015948.1,1125970,1125988,19,-,ATTHACTMGAAWMBKWGTA,MEME-1,6.34e-5,1,TTGCAGACGGCACCGAGTA,gene,1124925,1126292,HAH_RS05775,WP_014040071.1,HAH_1188,phosphopentomutase/phosphoglucosamine mutase
NC_015948.1,1386624,1386642,19,-,ATTHACTMGAAWMBKWGTA,MEME-1,6.34e-5,1,GCGTCCTCGATACTGAGTG,gene,1386560,1388104,HAH_RS07040,WP_014040295.1,HAH_1449,alkaline phosphatase family protein
NC_015948.1,1057622,1057640,19,+,ATTHACTMGAAWMBKWGTA,MEME-1,6.34e-5,1,ATGTCCACGGGACTGAGTC,intergenic,1057536,1057674,NA,NA,NA,NA
NC_015948.1,2053768,2053786,19,+,ATTHACTMGAAWMBKWGTA,MEME-1,6.52e-5,1,TCTTATTCCGAAAAGTGTA,promoter,2053738,2053813,HAH_RS19510,WP_144443759.1,NA,hypothetical protein
NC_015948.1,1925853,1925871,19,-,ATTHACTMGAAWMBKWGTA,MEME-1,6.63e-5,1,GAGTACTCAAATTGTAGTC,gene,1923612,1926380,HAH_RS09650,WP_014040753.1,HAH_1992,surface glycoprotein
NC_015948.1,2235592,2235610,19,-,ATTHACTMGAAWMBKWGTA,MEME-1,6.63e-5,1,TCAAAGTCGACTACGAGTA,gene,2233182,2235752,HAH_RS11255,WP_014041019.1,HAH_2320,ATP-binding protein
NC_015943.1,37215,37233,19,-,ATTHACTMGAAWMBKWGTA,MEME-1,6.69e-5,1,GATTACTCGGAACGTCGTA,gene,36558,37607,HAH_RS15300,WP_014030602.1,HAH_4043,radical SAM protein
NC_015948.1,2182662,2182680,19,+,ATTHACTMGAAWMBKWGTA,MEME-1,6.76e-5,1,ACGGACTCGTCTCCGAGTG,gene,2182169,2182750,HAH_RS11000,WP_014040970.1,HAH_2267,DUF2150 family protein
NC_015943.1,168130,168148,19,+,ATTHACTMGAAWMBKWGTA,MEME-1,6.79e-5,1,GTTCTCTCAGGAAATAGTA,gene,167806,168828,HAH_RS15980,WP_014030736.1,HAH_4186,hypothetical protein
NC_015948.1,2929634,2929652,19,-,ATTHACTMGAAWMBKWGTA,MEME-1,6.84e-5,1,TTTCCGTCGTTTCGGTGTG,gene,2928846,2930951,HAH_RS14820,WP_079891627.1,HAH_3045,nitrate reductase
NC_015943.1,141612,141630,19,-,ATTHACTMGAAWMBKWGTA,MEME-1,6.84e-5,1,TCACACTACGTACCGAGTC,gene,141313,142110,HAH_RS15880,WP_014030716.1,HAH_4165,type I-B CRISPR-associated protein Cas5b
NC_015948.1,2344407,2344425,19,+,ATTHACTMGAAWMBKWGTA,MEME-1,6.94e-5,1,GCGGTCTCGAAATCGAGTC,gene,2344151,2346280,HAH_RS11760,WP_014041116.1,HAH_2425,ATP-dependent protease LonB
NC_015948.1,2047212,2047230,19,+,ATTHACTMGAAWMBKWGTA,MEME-1,6.94e-5,1,GCGAACACGATAAGGAGTG,gene,2046446,2047807,HAH_RS19135,WP_014040856.1,HAH_2118,sulfatase
NC_015948.1,874985,875003,19,-,ATTHACTMGAAWMBKWGTA,MEME-1,6.97e-5,1,TCGAACACGATACTGAGTC,gene,874870,875385,HAH_RS04500,WP_014039844.1,HAH_0926,NUDIX domain-containing protein
NC_015948.1,653501,653519,19,+,ATTHACTMGAAWMBKWGTA,MEME-1,7e-5,1,ATTGGCTCGCGTCGGTGTA,gene,653495,654397,HAH_RS03350,WP_014039642.1,HAH_0688,diacylglycerol kinase
NC_015948.1,2153292,2153310,19,-,ATTHACTMGAAWMBKWGTA,MEME-1,7e-5,1,ACTCTCGCAGATCCGAGTG,gene,2153113,2153523,HAH_RS10835,WP_014040942.1,HAH_2233,GtrA family protein
NC_015948.1,1091827,1091845,19,-,ATTHACTMGAAWMBKWGTA,MEME-1,7.06e-5,1,TCGTCCTCGATTCGGTGTC,gene,1091376,1093250,HAH_RS05635,WP_014040049.1,HAH_1160,ABC transporter permease
NC_015943.1,486890,486908,19,-,ATTHACTMGAAWMBKWGTA,MEME-1,7.06e-5,1,ATGATCTACACTTCGAGTG,gene,486895,487719,HAH_RS17300,WP_014030996.1,HAH_4462,hypothetical protein
NC_015943.1,112048,112066,19,-,ATTHACTMGAAWMBKWGTA,MEME-1,7.06e-5,1,TCTCTTTCGCTACTGAGTA,intergenic,112024,112077,NA,NA,NA,NA
NC_015943.1,486890,486908,19,+,ATTHACTMGAAWMBKWGTA,MEME-1,7.06e-5,1,ATGATCTACACTTCGAGTG,intergenic,486699,486894,NA,NA,NA,NA
NC_015948.1,2072406,2072424,19,-,ATTHACTMGAAWMBKWGTA,MEME-1,7.1e-5,1,TCGGACTCGACTTCGAGTC,gene,2071907,2072632,HAH_RS10360,WP_008312922.1,HAH_2137,50S ribosomal protein L32e
NC_015943.1,34297,34315,19,+,ATTHACTMGAAWMBKWGTA,MEME-1,7.1e-5,1,AATTATTATCTATGTAGTA,gene,34210,35223,HAH_RS15290,WP_014030600.1,HAH_4041,hypothetical protein
NC_015948.1,1844219,1844237,19,+,ATTHACTMGAAWMBKWGTA,MEME-1,7.13e-5,1,TTTGATTCGATCAAGTGTC,gene,1844202,1846124,HAH_RS09220,WP_014040682.1,HAH_1901,beta-CASP ribonuclease aCPSF1
NC_015948.1,2107765,2107783,19,-,ATTHACTMGAAWMBKWGTA,MEME-1,7.19e-5,1,ACGAACTCGAAAAGCAGTA,gene,2106723,2110310,HAH_RS10580,WP_014040901.1,HAH_2182,chromosome segregation protein SMC
NC_015943.1,115171,115189,19,-,ATTHACTMGAAWMBKWGTA,MEME-1,7.25e-5,1,ACTCACAACAACTCTAGTC,promoter,115107,115356,HAH_RS15730,WP_014030687.1,HAH_4135,hypothetical protein
NC_015944.1,87861,87879,19,+,ATTHACTMGAAWMBKWGTA,MEME-1,7.3e-5,1,AATCACTAGAATTGGCGTG,promoter,87852,88101,HAH_RS17700,WP_014031073.1,HAH_5080,urea ABC transporter substrate-binding protein
NC_015948.1,878980,878998,19,-,ATTHACTMGAAWMBKWGTA,MEME-1,7.3e-5,1,GCTGTCTCCGAACCGTGTG,gene,877389,879173,HAH_RS04510,WP_023843172.1,HAH_0928,DUF2339 domain-containing protein
NC_015948.1,2354880,2354898,19,+,ATTHACTMGAAWMBKWGTA,MEME-1,7.3e-5,1,AAGGCCTCGATATCGAGTC,gene,2354486,2355511,HAH_RS11815,WP_014041127.1,HAH_2436,amidohydrolase family protein
NC_015948.1,2876960,2876978,19,+,ATTHACTMGAAWMBKWGTA,MEME-1,7.3e-5,1,GTGTCGTCGAGTACGAGTG,gene,2876794,2877174,HAH_RS14545,WP_014041601.1,HAH_2990,GNAT family N-acetyltransferase
NC_015948.1,1662676,1662694,19,-,ATTHACTMGAAWMBKWGTA,MEME-1,7.36e-5,1,GCTCTCGCGACTCGGTGTC,gene,1662340,1662888,HAH_RS08325,WP_014040521.1,HAH_1715,acyltransferase
NC_015943.1,330415,330433,19,+,ATTHACTMGAAWMBKWGTA,MEME-1,7.39e-5,1,TTTGTGTCGGGACCGTGTC,promoter,330274,330485,HAH_RS16695,WP_014030875.1,HAH_4337,sugar ABC transporter permease
NC_015948.1,291956,291974,19,-,ATTHACTMGAAWMBKWGTA,MEME-1,7.45e-5,1,GATACCACGGGACGGAGTC,gene,291864,292841,HAH_RS01470,WP_014039307.1,HAH_0307,ABC transporter permease
NC_015943.1,273634,273652,19,+,ATTHACTMGAAWMBKWGTA,MEME-1,7.45e-5,1,GTGTTCTCGGGCACTAGTA,intergenic,272976,274013,NA,NA,NA,NA
NC_015948.1,351329,351347,19,-,ATTHACTMGAAWMBKWGTA,MEME-1,7.59e-5,1,ATTTCCTCGAACTGGAGGA,gene,351154,352209,HAH_RS01780,WP_014039365.1,HAH_0370,DUF354 domain-containing protein
NC_015944.1,19035,19053,19,+,ATTHACTMGAAWMBKWGTA,MEME-1,7.62e-5,1,AATTTCTCCAGTCATAGTC,gene,18843,19133,HAH_RS17380,WP_023842982.1,HAH_5015,sulfurtransferase TusA family protein
NC_015944.1,176354,176372,19,+,ATTHACTMGAAWMBKWGTA,MEME-1,7.62e-5,1,ATACCCTCCGGAATGTGTC,gene,175983,177341,HAH_RS18095,WP_233425884.1,HAH_5162,sulfatase
NC_015948.1,1177748,1177766,19,+,ATTHACTMGAAWMBKWGTA,MEME-1,7.68e-5,1,ATTCTGTCCGCAATGAGTC,promoter,1177636,1177885,HAH_RS06025,WP_014040113.1,HAH_1238,IclR family transcriptional regulator
NC_015948.1,2012683,2012701,19,+,ATTHACTMGAAWMBKWGTA,MEME-1,7.79e-5,1,TCTCACTACCGAAGGAGTG,gene,2012637,2013635,HAH_RS10080,WP_014040827.1,HAH_2080,phosphate uptake regulator PhoU
NC_015948.1,423608,423626,19,+,ATTHACTMGAAWMBKWGTA,MEME-1,7.86e-5,1,AATCCCCCGAAATCGAGTA,gene,422674,424464,HAH_RS02175,WP_014039434.1,HAH_0452,oligoendopeptidase F
NC_015948.1,1701957,1701975,19,+,ATTHACTMGAAWMBKWGTA,MEME-1,7.86e-5,1,ACGTTTTCGGATAGGAGTC,gene,1701945,1703633,HAH_RS08520,WP_014040560.1,HAH_1756,b(o/a)3-type cytochrome-c oxidase subunit 1
NC_015948.1,2448981,2448999,19,+,ATTHACTMGAAWMBKWGTA,MEME-1,7.86e-5,1,ATTTGGTCGGTATCGAGTA,gene,2448632,2450269,HAH_RS12265,WP_014041208.1,HAH_2526,NADH-quinone oxidoreductase subunit D
NC_015948.1,1244004,1244022,19,+,ATTHACTMGAAWMBKWGTA,MEME-1,7.89e-5,1,TCTACCTCGAAGCGGAGTA,gene,1243499,1244146,HAH_RS06300,WP_014040165.1,HAH_1292,NUDIX domain-containing protein
NC_015948.1,1914236,1914254,19,-,ATTHACTMGAAWMBKWGTA,MEME-1,8.13e-5,1,ATTTCGACGACCCGGTGTA,gene,1913905,1915224,HAH_RS09615,WP_014040746.1,HAH_1985,amino acid ABC transporter substrate-binding protein
NC_015944.1,318318,318336,19,+,ATTHACTMGAAWMBKWGTA,MEME-1,8.22e-5,1,TCGAACGCTACACGGAGTA,gene,318146,319981,HAH_RS18715,WP_014031271.1,HAH_5290,bacteriohemerythrin
NC_015943.1,75739,75757,19,-,ATTHACTMGAAWMBKWGTA,MEME-1,8.25e-5,1,GTGTAGTCGCAAATTAGTG,intergenic,75579,76483,NA,NA,NA,NA
NC_015948.1,1582075,1582093,19,-,ATTHACTMGAAWMBKWGTA,MEME-1,8.31e-5,1,GCGGCCTCGACTCCGTGTA,gene,1582038,1583720,HAH_RS07980,WP_014040463.1,HAH_1643,hypothetical protein
NC_015948.1,2492486,2492504,19,-,ATTHACTMGAAWMBKWGTA,MEME-1,8.35e-5,1,AATCACTCGGTTCGGAATC,promoter,2492341,2492506,HAH_RS12490,WP_004958397.1,HAH_2571,DUF6432 family protein
NC_015948.1,2168481,2168499,19,+,ATTHACTMGAAWMBKWGTA,MEME-1,8.39e-5,1,ACTCACTGGAGAACGTGTC,gene,2167467,2168825,HAH_RS10930,WP_014040958.1,HAH_2252,DUF92 domain-containing protein
NC_015943.1,193422,193440,19,-,ATTHACTMGAAWMBKWGTA,MEME-1,8.39e-5,1,GAGCAGTCGGTACAGAGTA,intergenic,193417,193515,NA,NA,NA,NA
NC_015948.1,1303569,1303587,19,-,ATTHACTMGAAWMBKWGTA,MEME-1,8.43e-5,1,ACGAAGTCGGGATGGAGTG,gene,1302623,1303978,HAH_RS06585,WP_014040212.1,HAH_1353,hypothetical protein
NC_015948.1,1980645,1980663,19,+,ATTHACTMGAAWMBKWGTA,MEME-1,8.43e-5,1,ACAAACGCGGCCCGGAGTA,gene,1980221,1980664,HAH_RS09935,WP_023843337.1,HAH_2049,hypothetical protein
NC_015944.1,358352,358370,19,-,ATTHACTMGAAWMBKWGTA,MEME-1,8.57e-5,1,GTTTTTGACAGTCGGTGTA,promoter,358322,358571,HAH_RS18895,WP_023843019.1,HAH_5326,hypothetical protein
NC_015948.1,1714671,1714689,19,-,ATTHACTMGAAWMBKWGTA,MEME-1,8.6e-5,1,AATTCCTCGAATTCGGGTA,gene,1714658,1715131,HAH_RS08580,WP_014040571.1,HAH_1768,DUF555 domain-containing protein
NC_015948.1,732642,732660,19,-,ATTHACTMGAAWMBKWGTA,MEME-1,8.63e-5,1,ATGGTCTCGGTCAGGAGTC,gene,732437,733147,HAH_RS03775,WP_014039715.1,HAH_0774,SDR family oxidoreductase
NC_015948.1,2148640,2148658,19,+,ATTHACTMGAAWMBKWGTA,MEME-1,8.66e-5,1,GCGCACGCGACTTGGAGTC,gene,2148124,2149221,HAH_RS10810,WP_008312682.1,HAH_2228,GHKL domain-containing protein
NC_015948.1,2797151,2797169,19,+,ATTHACTMGAAWMBKWGTA,MEME-1,8.69e-5,1,ACGTCCTCGTGATGGAGTA,gene,2796643,2797578,HAH_RS14130,WP_014041528.1,HAH_2906,serine protein kinase RIO
NC_015944.1,3212,3230,19,-,ATTHACTMGAAWMBKWGTA,MEME-1,8.8e-5,1,ATTCAGGCGGAACGGATTA,gene,3135,3734,HAH_RS17325,WP_008311719.1,HAH_5004,TetR/AcrR family transcriptional regulator
NC_015944.1,308379,308397,19,-,ATTHACTMGAAWMBKWGTA,MEME-1,8.8e-5,1,ATAGTCTACTATCGTAGTA,intergenic,308009,308486,NA,NA,NA,NA
NC_015944.1,356860,356878,19,-,ATTHACTMGAAWMBKWGTA,MEME-1,8.84e-5,1,AGGTACTCCAGTCCGTGTA,gene,355887,357677,HAH_RS18890,WP_014031306.1,HAH_5325,AAA family ATPase
NC_015943.1,395959,395977,19,-,ATTHACTMGAAWMBKWGTA,MEME-1,8.88e-5,1,TTGCATTCGTCCCCGAGTC,gene,395496,396788,HAH_RS16970,WP_044952679.1,HAH_4393,MgtC/SapB family protein
NC_015943.1,169286,169304,19,-,ATTHACTMGAAWMBKWGTA,MEME-1,8.96e-5,1,GATCAGTCAAGAAAGAGTA,intergenic,169197,169942,NA,NA,NA,NA
NC_015948.1,223769,223787,19,+,ATTHACTMGAAWMBKWGTA,MEME-1,9e-5,1,ACTTACGAGTGTTCGTGTC,gene,223542,224681,HAH_RS01160,WP_014039247.1,HAH_0242,LamG domain-containing protein
NC_015948.1,1573966,1573984,19,+,ATTHACTMGAAWMBKWGTA,MEME-1,9.03e-5,1,GTTCACTCGGGTTGCTGTC,gene,1572793,1574238,HAH_RS07940,WP_014040455.1,HAH_1635,DUF58 domain-containing protein
NC_015948.1,2427247,2427265,19,-,ATTHACTMGAAWMBKWGTA,MEME-1,9.03e-5,1,GTTCAGTACCACTCGTGTC,gene,2427200,2427349,HAH_RS19770,WP_023843402.1,HAH_2500,hypothetical protein
NC_015948.1,1741364,1741382,19,+,ATTHACTMGAAWMBKWGTA,MEME-1,9.1e-5,1,GTACACGCCGGACGTTGTC,gene,1740102,1742960,HAH_RS08730,WP_014040599.1,HAH_1798,molybdopterin-dependent oxidoreductase
NC_015943.1,149827,149845,19,-,ATTHACTMGAAWMBKWGTA,MEME-1,9.13e-5,1,GTTGCTTACGGATGGAGTA,promoter,149733,149982,HAH_RS15915,WP_233425870.1,NA,nitrate ABC transporter ATP-binding protein
NC_015948.1,2036523,2036541,19,-,ATTHACTMGAAWMBKWGTA,MEME-1,9.16e-5,1,ATTATTTACCGTCGTAGTG,promoter,2036306,2036555,HAH_RS10215,WP_014040848.1,HAH_2109,hypothetical protein
NC_015943.1,325242,325260,19,-,ATTHACTMGAAWMBKWGTA,MEME-1,9.31e-5,1,AATTAGAATAATATGTGTA,promoter,325013,325262,HAH_RS16670,WP_014030870.1,HAH_4332,glucose 1-dehydrogenase
NC_015948.1,586831,586849,19,-,ATTHACTMGAAWMBKWGTA,MEME-1,9.31e-5,1,TCATCGTCGAATACGAGTA,gene,585306,587231,HAH_RS02985,WP_014039577.1,HAH_0615,sialidase
NC_015943.1,270411,270429,19,-,ATTHACTMGAAWMBKWGTA,MEME-1,9.31e-5,1,ATTCGCTCCGTTTGGAGTG,gene,269270,270481,HAH_RS16440,WP_014030825.1,HAH_4286,exodeoxyribonuclease VII large subunit
NC_015943.1,295925,295943,19,+,ATTHACTMGAAWMBKWGTA,MEME-1,9.31e-5,1,TCTCCCACCAGACGGTGTA,gene,295600,296214,HAH_RS16555,WP_014030847.1,HAH_4309,hypothetical protein
NC_015944.1,36156,36174,19,-,ATTHACTMGAAWMBKWGTA,MEME-1,9.31e-5,1,AATACCACGCACAGGAGTA,gene,35936,36475,HAH_RS17455,WP_014031024.1,HAH_5029,"ribbon-helix-helix protein, CopG family"
NC_015948.1,1605125,1605143,19,-,ATTHACTMGAAWMBKWGTA,MEME-1,9.31e-5,1,ATGTTTTCGGATTATTGTA,gene,1604240,1605430,HAH_RS19095,WP_079891614.1,NA,glycosyltransferase family 4 protein
NC_015948.1,1921001,1921019,19,-,ATTHACTMGAAWMBKWGTA,MEME-1,9.39e-5,1,TCGAAGTCGAGATGGAGTC,gene,1920283,1923039,HAH_RS09645,WP_014040752.1,HAH_1991,surface glycoprotein
NC_015943.1,72895,72913,19,+,ATTHACTMGAAWMBKWGTA,MEME-1,9.39e-5,1,GTTCCCACTTGACGTTGTA,gene,72517,72966,HAH_RS15465,WP_014030637.1,HAH_4082,VOC family protein
NC_015948.1,1381996,1382014,19,-,ATTHACTMGAAWMBKWGTA,MEME-1,9.43e-5,1,ACGTCCTCGCCTCCGAGTC,gene,1381152,1382594,HAH_RS07010,WP_014040290.1,HAH_1442,amidophosphoribosyltransferase
NC_015948.1,2184403,2184421,19,+,ATTHACTMGAAWMBKWGTA,MEME-1,9.43e-5,1,ATAAACTCGAACAGGTGGA,gene,2182797,2184812,HAH_RS11005,WP_014040971.1,HAH_2268,PKD domain-containing protein
NC_015943.1,76904,76922,19,-,ATTHACTMGAAWMBKWGTA,MEME-1,9.51e-5,1,GTTCACTCGGGCCCGACTC,gene,76484,77908,HAH_RS15490,WP_233425876.1,HAH_4086,type IV secretion system DNA-binding domain-containing protein
NC_015948.1,100274,100292,19,-,ATTHACTMGAAWMBKWGTA,MEME-1,9.55e-5,1,GTTCACTCAAGAACGTGGA,gene,100276,101307,HAH_RS00530,WP_014039132.1,HAH_0111,RNA methyltransferase
NC_015943.1,405373,405391,19,-,ATTHACTMGAAWMBKWGTA,MEME-1,9.59e-5,1,GTGGCGTCGGAAACGAGTC,gene,404469,408665,HAH_RS17000,WP_044952607.1,HAH_4400,BREX-5 system adenine-specific DNA-methyltransferase PglX
NC_015948.1,99983,100001,19,+,ATTHACTMGAAWMBKWGTA,MEME-1,9.62e-5,1,TTGCGCTCGTATCGGAGTA,gene,99463,100002,HAH_RS00525,WP_014039131.1,HAH_0110,GTP-dependent dephospho-CoA kinase family protein
NC_015948.1,2222261,2222279,19,-,ATTHACTMGAAWMBKWGTA,MEME-1,9.62e-5,1,GTTTCTGCTGTTCCTTGTA,gene,2221995,2222756,HAH_RS11205,WP_014041009.1,HAH_2310,hypothetical protein
NC_015943.1,83758,83776,19,+,ATTHACTMGAAWMBKWGTA,MEME-1,9.62e-5,1,ATGAATTCACGAACTAGTC,intergenic,83650,83862,NA,NA,NA,NA
NC_015948.1,1042320,1042338,19,+,ATTHACTMGAAWMBKWGTA,MEME-1,9.66e-5,1,TTTTCTGCCAGTACGTGTA,promoter,1042098,1042347,HAH_RS05360,WP_014039999.1,HAH_1102,DNA polymerase IV
NC_015948.1,1759995,1760013,19,+,ATTHACTMGAAWMBKWGTA,MEME-1,9.66e-5,1,CCGCACTCGACACCGAGTA,gene,1757921,1760287,HAH_RS08805,WP_014040613.1,HAH_1813,VWA domain-containing protein
NC_015948.1,1785734,1785752,19,-,ATTHACTMGAAWMBKWGTA,MEME-1,9.66e-5,1,ATTCGCTACAACACGAGTG,gene,1785435,1785956,HAH_RS08945,WP_044951885.1,HAH_1842,hypothetical protein
NC_015943.1,58497,58515,19,-,ATTHACTMGAAWMBKWGTA,MEME-1,9.69e-5,1,TTACACTCCGGATTTTGTC,gene,57493,59886,HAH_RS15405,WP_014030626.1,HAH_4069,DUF87 domain-containing protein
NC_015944.1,285361,285379,19,-,ATTHACTMGAAWMBKWGTA,MEME-1,9.69e-5,1,ATGAACGAGGCCCGTAGTC,gene,284694,286400,HAH_RS18565,WP_174878676.1,HAH_5259,cbb3-type cytochrome c oxidase subunit I
NC_015943.1,462932,462950,19,-,ATTHACTMGAAWMBKWGTA,MEME-1,9.76e-5,1,ACGAACAATACACCGAGTC,gene,462820,463671,HAH_RS17195,WP_023842944.1,HAH_4440,sulfite exporter TauE/SafE family protein
NC_015943.1,471606,471624,19,-,ATTHACTMGAAWMBKWGTA,MEME-1,9.8e-5,1,ATGCACTCTAGTTCGATTA,intergenic,471502,471834,NA,NA,NA,NA
NC_015948.1,1327853,1327871,19,-,ATTHACTMGAAWMBKWGTA,MEME-1,9.89e-5,1,GCTCCCGCGGCTCCTTGTA,gene,1327551,1328354,HAH_RS06715,WP_008309387.1,HAH_1379,cytochrome bc complex cytochrome b subunit
NC_015948.1,331267,331285,19,+,ATTHACTMGAAWMBKWGTA,MEME-1,9.97e-5,1,ACTCAGGCTTGACCGTGTA,gene,329515,331524,HAH_RS01685,WP_014039346.1,HAH_0351,heme-binding protein
