motif_DB	motif_ID	motif_ALT_ID	seq_ID	seq_Score	seq_Class	is_holdout?
1st_order_15peaks_19/meme_out/meme.xml	ATTHACTMGAAWMBKWGTA	MEME-1	NC_015948.1:1315388-1315689	26.51	tp	0
1st_order_15peaks_19/meme_out/meme.xml	ATTHACTMGAAWMBKWGTA	MEME-1	NC_015948.1:1358448-1358749	24.88	tp	0
1st_order_15peaks_19/meme_out/meme.xml	ATTHACTMGAAWMBKWGTA	MEME-1	NC_015948.1:2237447-2237748	22.65	tp	0
1st_order_15peaks_19/meme_out/meme.xml	ATTHACTMGAAWMBKWGTA	MEME-1	NC_015944.1:133665-133966	21.30	tp	0
1st_order_15peaks_19/meme_out/meme.xml	ATTHACTMGAAWMBKWGTA	MEME-1	NC_015948.1:832251-832552	20.93	tp	0
1st_order_15peaks_19/meme_out/meme.xml	ATTHACTMGAAWMBKWGTA	MEME-1	NC_015944.1:134267-134568	19.66	tp	0
1st_order_15peaks_19/meme_out/meme.xml	ATTHACTMGAAWMBKWGTA	MEME-1	NC_015948.1:168780-169081	19.53	tp	0
1st_order_15peaks_19/meme_out/meme.xml	ATTHACTMGAAWMBKWGTA	MEME-1	NC_015948.1:2701035-2701336	19.08	tp	0
1st_order_15peaks_19/meme_out/meme.xml	ATTHACTMGAAWMBKWGTA	MEME-1	NC_015948.1:1211382-1211683	18.82	tp	0
1st_order_15peaks_19/meme_out/meme.xml	ATTHACTMGAAWMBKWGTA	MEME-1	NC_015948.1:2635395-2635696	18.34	tp	0
1st_order_15peaks_19/meme_out/meme.xml	ATTHACTMGAAWMBKWGTA	MEME-1	NC_015948.1:2563446-2563747	16.69	tp	0
1st_order_15peaks_19/meme_out/meme.xml	ATTHACTMGAAWMBKWGTA	MEME-1	NC_015948.1:2921012-2921313	13.91	tp	0
1st_order_15peaks_19/meme_out/meme.xml	ATTHACTMGAAWMBKWGTA	MEME-1	NC_015944.1:41487-41788	12.49	tp	0
1st_order_15peaks_19/meme_out/meme.xml	ATTHACTMGAAWMBKWGTA	MEME-1	NC_015943.1:325158-325459	12.04	tp	0
1st_order_15peaks_19/meme_out/meme.xml	ATTHACTMGAAWMBKWGTA	MEME-1	NC_015948.1:959805-960106	11.71	tp	0
#
1st_order_15peaks_19/streme_out/streme.xml	1-ATTCACTCG	STREME-1	NC_015948.1:1358448-1358749	15.76	tp	0
1st_order_15peaks_19/streme_out/streme.xml	1-ATTCACTCG	STREME-1	NC_015948.1:832251-832552	15.67	tp	0
1st_order_15peaks_19/streme_out/streme.xml	1-ATTCACTCG	STREME-1	NC_015948.1:1315388-1315689	15.61	tp	0
1st_order_15peaks_19/streme_out/streme.xml	1-ATTCACTCG	STREME-1	NC_015948.1:2237447-2237748	15.61	tp	0
1st_order_15peaks_19/streme_out/streme.xml	1-ATTCACTCG	STREME-1	NC_015943.1:325158-325459	13.79	tp	0
1st_order_15peaks_19/streme_out/streme.xml	1-ATTCACTCG	STREME-1	NC_015948.1:2635395-2635696	13.16	tp	0
1st_order_15peaks_19/streme_out/streme.xml	1-ATTCACTCG	STREME-1	NC_015948.1:168780-169081	12.98	tp	0
1st_order_15peaks_19/streme_out/streme.xml	1-ATTCACTCG	STREME-1	NC_015948.1:2563446-2563747	12.92	tp	0
1st_order_15peaks_19/streme_out/streme.xml	1-ATTCACTCG	STREME-1	NC_015948.1:959805-960106	11.55	tp	0
1st_order_15peaks_19/streme_out/streme.xml	1-ATTCACTCG	STREME-1	NC_015948.1:2701035-2701336	11.27	tp	0
1st_order_15peaks_19/streme_out/streme.xml	1-ATTCACTCG	STREME-1	NC_015944.1:134267-134568	9.33	tp	0
1st_order_15peaks_19/streme_out/streme.xml	1-ATTCACTCG	STREME-1	NC_015948.1:1211382-1211683	8.79	tp	0
1st_order_15peaks_19/streme_out/streme.xml	1-ATTCACTCG	STREME-1	NC_015944.1:133665-133966	8.76	tp	0
1st_order_15peaks_19/streme_out/streme.xml	1-ATTCACTCG	STREME-1	NC_015944.1:41487-41788	8.50	tp	0
#
1st_order_15peaks_19/streme_out/streme.xml	2-CACCGSG	STREME-2	NC_015948.1:1315388-1315689	11.54	tp	0
1st_order_15peaks_19/streme_out/streme.xml	2-CACCGSG	STREME-2	NC_015948.1:832251-832552	11.27	tp	0
1st_order_15peaks_19/streme_out/streme.xml	2-CACCGSG	STREME-2	NC_015948.1:1211382-1211683	11.27	tp	0
1st_order_15peaks_19/streme_out/streme.xml	2-CACCGSG	STREME-2	NC_015944.1:133665-133966	11.27	tp	0
1st_order_15peaks_19/streme_out/streme.xml	2-CACCGSG	STREME-2	NC_015944.1:134267-134568	11.03	tp	0
1st_order_15peaks_19/streme_out/streme.xml	2-CACCGSG	STREME-2	NC_015948.1:2635395-2635696	11.01	tp	0
1st_order_15peaks_19/streme_out/streme.xml	2-CACCGSG	STREME-2	NC_015948.1:1211382-1211683	11.01	fp	0
1st_order_15peaks_19/streme_out/streme.xml	2-CACCGSG	STREME-2	NC_015948.1:2701035-2701336	10.76	tp	0
1st_order_15peaks_19/streme_out/streme.xml	2-CACCGSG	STREME-2	NC_015948.1:2237447-2237748	9.37	tp	0
1st_order_15peaks_19/streme_out/streme.xml	2-CACCGSG	STREME-2	NC_015948.1:1358448-1358749	9.21	tp	0
1st_order_15peaks_19/streme_out/streme.xml	2-CACCGSG	STREME-2	NC_015948.1:2563446-2563747	9.17	tp	0
1st_order_15peaks_19/streme_out/streme.xml	2-CACCGSG	STREME-2	NC_015944.1:41487-41788	9.05	tp	0
1st_order_15peaks_19/streme_out/streme.xml	2-CACCGSG	STREME-2	NC_015948.1:2921012-2921313	9.05	tp	0
1st_order_15peaks_19/streme_out/streme.xml	2-CACCGSG	STREME-2	NC_015948.1:168780-169081	9.05	tp	0
1st_order_15peaks_19/streme_out/streme.xml	2-CACCGSG	STREME-2	NC_015943.1:325158-325459	8.55	tp	0
1st_order_15peaks_19/streme_out/streme.xml	2-CACCGSG	STREME-2	NC_015948.1:959805-960106	8.17	tp	0
#
1st_order_15peaks_19/streme_out/streme.xml	5-CGGCAGCGA	STREME-5	NC_015944.1:134267-134568	16.56	tp	0
1st_order_15peaks_19/streme_out/streme.xml	5-CGGCAGCGA	STREME-5	NC_015948.1:2563446-2563747	11.45	tp	0
1st_order_15peaks_19/streme_out/streme.xml	5-CGGCAGCGA	STREME-5	NC_015948.1:2635395-2635696	10.84	tp	0
1st_order_15peaks_19/streme_out/streme.xml	5-CGGCAGCGA	STREME-5	NC_015948.1:2237447-2237748	10.83	tp	0
1st_order_15peaks_19/streme_out/streme.xml	5-CGGCAGCGA	STREME-5	NC_015948.1:1211382-1211683	10.77	tp	0
1st_order_15peaks_19/streme_out/streme.xml	5-CGGCAGCGA	STREME-5	NC_015948.1:959805-960106	10.56	tp	0
1st_order_15peaks_19/streme_out/streme.xml	5-CGGCAGCGA	STREME-5	NC_015948.1:1315388-1315689	10.56	tp	0
1st_order_15peaks_19/streme_out/streme.xml	5-CGGCAGCGA	STREME-5	NC_015948.1:2701035-2701336	6.90	tp	0
1st_order_15peaks_19/streme_out/streme.xml	5-CGGCAGCGA	STREME-5	NC_015948.1:1358448-1358749	6.86	tp	0
1st_order_15peaks_19/streme_out/streme.xml	5-CGGCAGCGA	STREME-5	NC_015948.1:832251-832552	6.72	tp	0
1st_order_15peaks_19/streme_out/streme.xml	5-CGGCAGCGA	STREME-5	NC_015943.1:325158-325459	6.42	tp	0
1st_order_15peaks_19/streme_out/streme.xml	5-CGGCAGCGA	STREME-5	NC_015944.1:41487-41788	6.36	tp	0
1st_order_15peaks_19/streme_out/streme.xml	5-CGGCAGCGA	STREME-5	NC_015948.1:2921012-2921313	6.35	tp	0
#
1st_order_15peaks_19/streme_out/streme.xml	3-CGKCGRCGAG	STREME-3	NC_015944.1:41487-41788	14.80	tp	0
1st_order_15peaks_19/streme_out/streme.xml	3-CGKCGRCGAG	STREME-3	NC_015944.1:134267-134568	14.80	tp	0
1st_order_15peaks_19/streme_out/streme.xml	3-CGKCGRCGAG	STREME-3	NC_015948.1:1211382-1211683	14.52	tp	0
1st_order_15peaks_19/streme_out/streme.xml	3-CGKCGRCGAG	STREME-3	NC_015948.1:2237447-2237748	13.31	tp	0
1st_order_15peaks_19/streme_out/streme.xml	3-CGKCGRCGAG	STREME-3	NC_015948.1:2921012-2921313	12.56	tp	0
1st_order_15peaks_19/streme_out/streme.xml	3-CGKCGRCGAG	STREME-3	NC_015948.1:2701035-2701336	12.42	tp	0
1st_order_15peaks_19/streme_out/streme.xml	3-CGKCGRCGAG	STREME-3	NC_015948.1:1315388-1315689	11.70	tp	0
1st_order_15peaks_19/streme_out/streme.xml	3-CGKCGRCGAG	STREME-3	NC_015948.1:832251-832552	11.64	tp	0
1st_order_15peaks_19/streme_out/streme.xml	3-CGKCGRCGAG	STREME-3	NC_015948.1:959805-960106	11.36	tp	0
1st_order_15peaks_19/streme_out/streme.xml	3-CGKCGRCGAG	STREME-3	NC_015948.1:2563446-2563747	11.17	tp	0
1st_order_15peaks_19/streme_out/streme.xml	3-CGKCGRCGAG	STREME-3	NC_015943.1:325158-325459	10.71	tp	0
1st_order_15peaks_19/streme_out/streme.xml	3-CGKCGRCGAG	STREME-3	NC_015944.1:133665-133966	9.76	tp	0
#
1st_order_15peaks_19/streme_out/streme.xml	4-GAARCYRTT	STREME-4	NC_015948.1:2635395-2635696	13.21	tp	0
1st_order_15peaks_19/streme_out/streme.xml	4-GAARCYRTT	STREME-4	NC_015944.1:134267-134568	13.20	tp	0
1st_order_15peaks_19/streme_out/streme.xml	4-GAARCYRTT	STREME-4	NC_015948.1:1211382-1211683	12.72	tp	0
1st_order_15peaks_19/streme_out/streme.xml	4-GAARCYRTT	STREME-4	NC_015948.1:832251-832552	12.46	tp	0
1st_order_15peaks_19/streme_out/streme.xml	4-GAARCYRTT	STREME-4	NC_015948.1:168780-169081	12.44	tp	0
1st_order_15peaks_19/streme_out/streme.xml	4-GAARCYRTT	STREME-4	NC_015943.1:325158-325459	12.32	tp	0
1st_order_15peaks_19/streme_out/streme.xml	4-GAARCYRTT	STREME-4	NC_015944.1:133665-133966	11.98	tp	0
1st_order_15peaks_19/streme_out/streme.xml	4-GAARCYRTT	STREME-4	NC_015948.1:1315388-1315689	10.99	tp	0
1st_order_15peaks_19/streme_out/streme.xml	4-GAARCYRTT	STREME-4	NC_015948.1:959805-960106	10.88	tp	0
1st_order_15peaks_19/streme_out/streme.xml	4-GAARCYRTT	STREME-4	NC_015944.1:41487-41788	10.69	tp	0
1st_order_15peaks_19/streme_out/streme.xml	4-GAARCYRTT	STREME-4	NC_015948.1:2563446-2563747	10.65	tp	0
1st_order_15peaks_19/streme_out/streme.xml	4-GAARCYRTT	STREME-4	NC_015944.1:133665-133966	10.31	fp	0
1st_order_15peaks_19/streme_out/streme.xml	4-GAARCYRTT	STREME-4	NC_015948.1:2921012-2921313	10.27	tp	0
1st_order_15peaks_19/streme_out/streme.xml	4-GAARCYRTT	STREME-4	NC_015948.1:2237447-2237748	9.78	fp	0
1st_order_15peaks_19/streme_out/streme.xml	4-GAARCYRTT	STREME-4	NC_015948.1:2701035-2701336	9.66	tp	0
1st_order_15peaks_19/streme_out/streme.xml	4-GAARCYRTT	STREME-4	NC_015948.1:2237447-2237748	9.63	tp	0
