##gff-version 3,,,,,,,,
NC_015948.1,fimo,nucleotide_motif,1315521,1315539,110,+,.,Name=ATTHACTMGAAWMBKWGTA_NC_015948.1+;Alias=MEME-1;ID=ATTHACTMGAAWMBKWGTA-MEME-1-1-NC_015948.1;pvalue=8.92e-12;qvalue=6.94e-05;sequence=ATTCACTCGAAACCGAGTA;
NC_015948.1,fimo,nucleotide_motif,1358582,1358600,85.5,+,.,Name=ATTHACTMGAAWMBKWGTA_NC_015948.1+;Alias=MEME-1;ID=ATTHACTMGAAWMBKWGTA-MEME-1-2-NC_015948.1;pvalue=2.77e-09;qvalue=0.0108;sequence=ATTCACTCGAAATGTAGTA;
NC_015948.1,fimo,nucleotide_motif,2237586,2237604,82.8,+,.,Name=ATTHACTMGAAWMBKWGTA_NC_015948.1+;Alias=MEME-1;ID=ATTHACTMGAAWMBKWGTA-MEME-1-3-NC_015948.1;pvalue=5.26e-09;qvalue=0.0136;sequence=ATTCACTCGAAATCGAGTG;
NC_015948.1,fimo,nucleotide_motif,832389,832407,78.9,-,.,Name=ATTHACTMGAAWMBKWGTA_NC_015948.1-;Alias=MEME-1;ID=ATTHACTMGAAWMBKWGTA-MEME-1-4-NC_015948.1;pvalue=1.28e-08;qvalue=0.0248;sequence=ATTCACTCGGTTCCGAGTC;
NC_015948.1,fimo,nucleotide_motif,1792844,1792862,73.7,+,.,Name=ATTHACTMGAAWMBKWGTA_NC_015948.1+;Alias=MEME-1;ID=ATTHACTMGAAWMBKWGTA-MEME-1-5-NC_015948.1;pvalue=4.26e-08;qvalue=0.0663;sequence=TTTCACTCGATTCGGAGTC;
NC_015948.1,fimo,nucleotide_motif,168919,168937,68.3,-,.,Name=ATTHACTMGAAWMBKWGTA_NC_015948.1-;Alias=MEME-1;ID=ATTHACTMGAAWMBKWGTA-MEME-1-6-NC_015948.1;pvalue=1.46e-07;qvalue=0.162;sequence=TTTTACTCGATTCCGTGTC;
NC_015948.1,fimo,nucleotide_motif,2701211,2701229,66.6,-,.,Name=ATTHACTMGAAWMBKWGTA_NC_015948.1-;Alias=MEME-1;ID=ATTHACTMGAAWMBKWGTA-MEME-1-7-NC_015948.1;pvalue=2.18e-07;qvalue=0.212;sequence=ATAGACTCGGAACCGAGTA;
NC_015948.1,fimo,nucleotide_motif,458400,458418,65.8,+,.,Name=ATTHACTMGAAWMBKWGTA_NC_015948.1+;Alias=MEME-1;ID=ATTHACTMGAAWMBKWGTA-MEME-1-8-NC_015948.1;pvalue=2.6e-07;qvalue=0.225;sequence=GTTCACTACGAACGGTGTA;
NC_015948.1,fimo,nucleotide_motif,2701208,2701226,62,+,.,Name=ATTHACTMGAAWMBKWGTA_NC_015948.1+;Alias=MEME-1;ID=ATTHACTMGAAWMBKWGTA-MEME-1-9-NC_015948.1;pvalue=6.31e-07;qvalue=0.491;sequence=AATTACTCGGTTCCGAGTC;
NC_015948.1,fimo,nucleotide_motif,1358585,1358603,60.1,-,.,Name=ATTHACTMGAAWMBKWGTA_NC_015948.1-;Alias=MEME-1;ID=ATTHACTMGAAWMBKWGTA-MEME-1-10-NC_015948.1;pvalue=9.71e-07;qvalue=0.686;sequence=ATTTACTACATTTCGAGTG;
NC_015948.1,fimo,nucleotide_motif,1211529,1211547,57.4,-,.,Name=ATTHACTMGAAWMBKWGTA_NC_015948.1-;Alias=MEME-1;ID=ATTHACTMGAAWMBKWGTA-MEME-1-11-NC_015948.1;pvalue=1.84e-06;qvalue=1;sequence=ACTTACTACAAAAGTAGTA;
NC_015948.1,fimo,nucleotide_motif,2635523,2635541,56.6,-,.,Name=ATTHACTMGAAWMBKWGTA_NC_015948.1-;Alias=MEME-1;ID=ATTHACTMGAAWMBKWGTA-MEME-1-12-NC_015948.1;pvalue=2.19e-06;qvalue=1;sequence=ATTAACTCACATAGTTGTA;
NC_015948.1,fimo,nucleotide_motif,1631961,1631979,55.6,-,.,Name=ATTHACTMGAAWMBKWGTA_NC_015948.1-;Alias=MEME-1;ID=ATTHACTMGAAWMBKWGTA-MEME-1-13-NC_015948.1;pvalue=2.74e-06;qvalue=1;sequence=ACACACTCGAAACAGTGTA;
NC_015948.1,fimo,nucleotide_motif,93670,93688,54.4,+,.,Name=ATTHACTMGAAWMBKWGTA_NC_015948.1+;Alias=MEME-1;ID=ATTHACTMGAAWMBKWGTA-MEME-1-14-NC_015948.1;pvalue=3.62e-06;qvalue=1;sequence=ACTACCTCGATACGGTGTC;
NC_015948.1,fimo,nucleotide_motif,1367594,1367612,53.2,+,.,Name=ATTHACTMGAAWMBKWGTA_NC_015948.1+;Alias=MEME-1;ID=ATTHACTMGAAWMBKWGTA-MEME-1-15-NC_015948.1;pvalue=4.76e-06;qvalue=1;sequence=ATGTACTCCAGCACGAGTA;
NC_015948.1,fimo,nucleotide_motif,2563607,2563625,52.8,+,.,Name=ATTHACTMGAAWMBKWGTA_NC_015948.1+;Alias=MEME-1;ID=ATTHACTMGAAWMBKWGTA-MEME-1-16-NC_015948.1;pvalue=5.25e-06;qvalue=1;sequence=GTTACTTCTATACTGAGTA;
NC_015948.1,fimo,nucleotide_motif,1235691,1235709,52.6,-,.,Name=ATTHACTMGAAWMBKWGTA_NC_015948.1-;Alias=MEME-1;ID=ATTHACTMGAAWMBKWGTA-MEME-1-17-NC_015948.1;pvalue=5.47e-06;qvalue=1;sequence=ACGCACGCGAGACCGAGTA;
NC_015948.1,fimo,nucleotide_motif,274240,274258,52.5,+,.,Name=ATTHACTMGAAWMBKWGTA_NC_015948.1+;Alias=MEME-1;ID=ATTHACTMGAAWMBKWGTA-MEME-1-18-NC_015948.1;pvalue=5.66e-06;qvalue=1;sequence=TTGCCCTCGGTTCCGAGTA;
NC_015948.1,fimo,nucleotide_motif,645912,645930,50.2,+,.,Name=ATTHACTMGAAWMBKWGTA_NC_015948.1+;Alias=MEME-1;ID=ATTHACTMGAAWMBKWGTA-MEME-1-19-NC_015948.1;pvalue=9.5e-06;qvalue=1;sequence=AAAAATTCGGTTCGGAGTA;
NC_015948.1,fimo,nucleotide_motif,2028288,2028306,50.2,+,.,Name=ATTHACTMGAAWMBKWGTA_NC_015948.1+;Alias=MEME-1;ID=ATTHACTMGAAWMBKWGTA-MEME-1-20-NC_015948.1;pvalue=9.5e-06;qvalue=1;sequence=ACGCACTCGCTATCGAGTA;
NC_015948.1,fimo,nucleotide_motif,919561,919579,50.1,-,.,Name=ATTHACTMGAAWMBKWGTA_NC_015948.1-;Alias=MEME-1;ID=ATTHACTMGAAWMBKWGTA-MEME-1-21-NC_015948.1;pvalue=9.64e-06;qvalue=1;sequence=ACTATTTCGAGACGGAGTC;
NC_015948.1,fimo,nucleotide_motif,650367,650385,50.1,+,.,Name=ATTHACTMGAAWMBKWGTA_NC_015948.1+;Alias=MEME-1;ID=ATTHACTMGAAWMBKWGTA-MEME-1-22-NC_015948.1;pvalue=9.81e-06;qvalue=1;sequence=GTATCCTCGGATATGAGTA;
NC_015948.1,fimo,nucleotide_motif,2011236,2011254,49.9,-,.,Name=ATTHACTMGAAWMBKWGTA_NC_015948.1-;Alias=MEME-1;ID=ATTHACTMGAAWMBKWGTA-MEME-1-23-NC_015948.1;pvalue=1.02e-05;qvalue=1;sequence=ATTACGTCCAGACCGAGTG;
NC_015948.1,fimo,nucleotide_motif,2166066,2166084,49.7,-,.,Name=ATTHACTMGAAWMBKWGTA_NC_015948.1-;Alias=MEME-1;ID=ATTHACTMGAAWMBKWGTA-MEME-1-24-NC_015948.1;pvalue=1.08e-05;qvalue=1;sequence=TTTCCGTCGAGAACGTGTA;
NC_015948.1,fimo,nucleotide_motif,36857,36875,49,+,.,Name=ATTHACTMGAAWMBKWGTA_NC_015948.1+;Alias=MEME-1;ID=ATTHACTMGAAWMBKWGTA-MEME-1-25-NC_015948.1;pvalue=1.25e-05;qvalue=1;sequence=TTTCACGCAAACTGGAGTA;
NC_015948.1,fimo,nucleotide_motif,1615643,1615661,49,-,.,Name=ATTHACTMGAAWMBKWGTA_NC_015948.1-;Alias=MEME-1;ID=ATTHACTMGAAWMBKWGTA-MEME-1-26-NC_015948.1;pvalue=1.26e-05;qvalue=1;sequence=ACACACGATAAACCGAGTA;
NC_015948.1,fimo,nucleotide_motif,2381756,2381774,48.6,-,.,Name=ATTHACTMGAAWMBKWGTA_NC_015948.1-;Alias=MEME-1;ID=ATTHACTMGAAWMBKWGTA-MEME-1-27-NC_015948.1;pvalue=1.37e-05;qvalue=1;sequence=GTTCACACCGAACTTTGTC;
NC_015948.1,fimo,nucleotide_motif,2333886,2333904,48.6,+,.,Name=ATTHACTMGAAWMBKWGTA_NC_015948.1+;Alias=MEME-1;ID=ATTHACTMGAAWMBKWGTA-MEME-1-28-NC_015948.1;pvalue=1.37e-05;qvalue=1;sequence=GTGACCACGATACCGAGTA;
NC_015948.1,fimo,nucleotide_motif,678977,678995,48.5,+,.,Name=ATTHACTMGAAWMBKWGTA_NC_015948.1+;Alias=MEME-1;ID=ATTHACTMGAAWMBKWGTA-MEME-1-29-NC_015948.1;pvalue=1.4e-05;qvalue=1;sequence=ACTCCCTCAAGACGGAGTC;
NC_015948.1,fimo,nucleotide_motif,2237589,2237607,48.5,-,.,Name=ATTHACTMGAAWMBKWGTA_NC_015948.1-;Alias=MEME-1;ID=ATTHACTMGAAWMBKWGTA-MEME-1-30-NC_015948.1;pvalue=1.41e-05;qvalue=1;sequence=CTTCACTCGATTTCGAGTG;
NC_015948.1,fimo,nucleotide_motif,959945,959963,48.3,+,.,Name=ATTHACTMGAAWMBKWGTA_NC_015948.1+;Alias=MEME-1;ID=ATTHACTMGAAWMBKWGTA-MEME-1-31-NC_015948.1;pvalue=1.47e-05;qvalue=1;sequence=GTTATTTCGGCTCCGAGTG;
NC_015948.1,fimo,nucleotide_motif,2731610,2731628,48.3,-,.,Name=ATTHACTMGAAWMBKWGTA_NC_015948.1-;Alias=MEME-1;ID=ATTHACTMGAAWMBKWGTA-MEME-1-32-NC_015948.1;pvalue=1.47e-05;qvalue=1;sequence=ACTACGGCGAATCCGAGTA;
NC_015948.1,fimo,nucleotide_motif,168916,168934,48.2,+,.,Name=ATTHACTMGAAWMBKWGTA_NC_015948.1+;Alias=MEME-1;ID=ATTHACTMGAAWMBKWGTA-MEME-1-33-NC_015948.1;pvalue=1.5e-05;qvalue=1;sequence=GCTGACACGGAATCGAGTA;
NC_015948.1,fimo,nucleotide_motif,565351,565369,47.8,+,.,Name=ATTHACTMGAAWMBKWGTA_NC_015948.1+;Alias=MEME-1;ID=ATTHACTMGAAWMBKWGTA-MEME-1-34-NC_015948.1;pvalue=1.65e-05;qvalue=1;sequence=GCGGATTCGAAACCGAGTC;
NC_015948.1,fimo,nucleotide_motif,386752,386770,47.7,-,.,Name=ATTHACTMGAAWMBKWGTA_NC_015948.1-;Alias=MEME-1;ID=ATTHACTMGAAWMBKWGTA-MEME-1-35-NC_015948.1;pvalue=1.7e-05;qvalue=1;sequence=ACAAACTCGACATGGAGTG;
NC_015948.1,fimo,nucleotide_motif,2871799,2871817,47.3,-,.,Name=ATTHACTMGAAWMBKWGTA_NC_015948.1-;Alias=MEME-1;ID=ATTHACTMGAAWMBKWGTA-MEME-1-36-NC_015948.1;pvalue=1.85e-05;qvalue=1;sequence=GTTACCTCGGACAGTTGTC;
NC_015948.1,fimo,nucleotide_motif,1108645,1108663,47.3,+,.,Name=ATTHACTMGAAWMBKWGTA_NC_015948.1+;Alias=MEME-1;ID=ATTHACTMGAAWMBKWGTA-MEME-1-37-NC_015948.1;pvalue=1.88e-05;qvalue=1;sequence=TTTGTCGCGGAACTGAGTA;
NC_015948.1,fimo,nucleotide_motif,2431509,2431527,47.2,-,.,Name=ATTHACTMGAAWMBKWGTA_NC_015948.1-;Alias=MEME-1;ID=ATTHACTMGAAWMBKWGTA-MEME-1-38-NC_015948.1;pvalue=1.92e-05;qvalue=1;sequence=ATTCAGTACCTTTTGAGTA;
NC_015948.1,fimo,nucleotide_motif,2700128,2700146,47.2,-,.,Name=ATTHACTMGAAWMBKWGTA_NC_015948.1-;Alias=MEME-1;ID=ATTHACTMGAAWMBKWGTA-MEME-1-39-NC_015948.1;pvalue=1.92e-05;qvalue=1;sequence=GTGTTCTCCAGAACGAGTA;
NC_015948.1,fimo,nucleotide_motif,612801,612819,47,+,.,Name=ATTHACTMGAAWMBKWGTA_NC_015948.1+;Alias=MEME-1;ID=ATTHACTMGAAWMBKWGTA-MEME-1-40-NC_015948.1;pvalue=2e-05;qvalue=1;sequence=ATGTATTCGAGCATGAGTC;
NC_015948.1,fimo,nucleotide_motif,2338435,2338453,46.8,-,.,Name=ATTHACTMGAAWMBKWGTA_NC_015948.1-;Alias=MEME-1;ID=ATTHACTMGAAWMBKWGTA-MEME-1-41-NC_015948.1;pvalue=2.07e-05;qvalue=1;sequence=GTTCACACAGGTCGGTGTC;
NC_015948.1,fimo,nucleotide_motif,1770534,1770552,46.7,-,.,Name=ATTHACTMGAAWMBKWGTA_NC_015948.1-;Alias=MEME-1;ID=ATTHACTMGAAWMBKWGTA-MEME-1-42-NC_015948.1;pvalue=2.14e-05;qvalue=1;sequence=GCTCTCTCGGGTAGTAGTA;
NC_015948.1,fimo,nucleotide_motif,136839,136857,46.7,-,.,Name=ATTHACTMGAAWMBKWGTA_NC_015948.1-;Alias=MEME-1;ID=ATTHACTMGAAWMBKWGTA-MEME-1-43-NC_015948.1;pvalue=2.16e-05;qvalue=1;sequence=ATTTCCGAGTATCGGTGTC;
NC_015948.1,fimo,nucleotide_motif,1478939,1478957,46.6,-,.,Name=ATTHACTMGAAWMBKWGTA_NC_015948.1-;Alias=MEME-1;ID=ATTHACTMGAAWMBKWGTA-MEME-1-44-NC_015948.1;pvalue=2.17e-05;qvalue=1;sequence=ATTTACTCGCATTCGATTA;
NC_015948.1,fimo,nucleotide_motif,443969,443987,46.5,+,.,Name=ATTHACTMGAAWMBKWGTA_NC_015948.1+;Alias=MEME-1;ID=ATTHACTMGAAWMBKWGTA-MEME-1-45-NC_015948.1;pvalue=2.23e-05;qvalue=1;sequence=ACGACTTCGAGACGGAGTA;
NC_015948.1,fimo,nucleotide_motif,857709,857727,46.4,-,.,Name=ATTHACTMGAAWMBKWGTA_NC_015948.1-;Alias=MEME-1;ID=ATTHACTMGAAWMBKWGTA-MEME-1-46-NC_015948.1;pvalue=2.28e-05;qvalue=1;sequence=ACGAACTCGACACAGAGTG;
NC_015948.1,fimo,nucleotide_motif,1323226,1323244,46.4,+,.,Name=ATTHACTMGAAWMBKWGTA_NC_015948.1+;Alias=MEME-1;ID=ATTHACTMGAAWMBKWGTA-MEME-1-47-NC_015948.1;pvalue=2.3e-05;qvalue=1;sequence=TCGTTCTCGAAACCGAGTC;
NC_015948.1,fimo,nucleotide_motif,1570121,1570139,46.3,-,.,Name=ATTHACTMGAAWMBKWGTA_NC_015948.1-;Alias=MEME-1;ID=ATTHACTMGAAWMBKWGTA-MEME-1-48-NC_015948.1;pvalue=2.32e-05;qvalue=1;sequence=ATTAATAACAATAGTTGTC;
NC_015948.1,fimo,nucleotide_motif,1131513,1131531,46.2,+,.,Name=ATTHACTMGAAWMBKWGTA_NC_015948.1+;Alias=MEME-1;ID=ATTHACTMGAAWMBKWGTA-MEME-1-49-NC_015948.1;pvalue=2.37e-05;qvalue=1;sequence=GTAAACGCCAGTCCGAGTG;
NC_015948.1,fimo,nucleotide_motif,1196867,1196885,46.1,+,.,Name=ATTHACTMGAAWMBKWGTA_NC_015948.1+;Alias=MEME-1;ID=ATTHACTMGAAWMBKWGTA-MEME-1-50-NC_015948.1;pvalue=2.45e-05;qvalue=1;sequence=ATTAACTATGAACGCTGTA;
NC_015948.1,fimo,nucleotide_motif,2366656,2366674,46,-,.,Name=ATTHACTMGAAWMBKWGTA_NC_015948.1-;Alias=MEME-1;ID=ATTHACTMGAAWMBKWGTA-MEME-1-51-NC_015948.1;pvalue=2.48e-05;qvalue=1;sequence=ATTGATGCGGATTGTTGTC;
NC_015948.1,fimo,nucleotide_motif,1487720,1487738,45.9,+,.,Name=ATTHACTMGAAWMBKWGTA_NC_015948.1+;Alias=MEME-1;ID=ATTHACTMGAAWMBKWGTA-MEME-1-52-NC_015948.1;pvalue=2.55e-05;qvalue=1;sequence=GTTAACTCGATGTCGAGTG;
NC_015948.1,fimo,nucleotide_motif,513562,513580,45.9,-,.,Name=ATTHACTMGAAWMBKWGTA_NC_015948.1-;Alias=MEME-1;ID=ATTHACTMGAAWMBKWGTA-MEME-1-53-NC_015948.1;pvalue=2.56e-05;qvalue=1;sequence=TTGTATTCGGTTAGGAGTG;
NC_015948.1,fimo,nucleotide_motif,2543519,2543537,45.7,+,.,Name=ATTHACTMGAAWMBKWGTA_NC_015948.1+;Alias=MEME-1;ID=ATTHACTMGAAWMBKWGTA-MEME-1-54-NC_015948.1;pvalue=2.67e-05;qvalue=1;sequence=ATACAGTCGGCTTCGAGTG;
NC_015948.1,fimo,nucleotide_motif,186931,186949,45.7,+,.,Name=ATTHACTMGAAWMBKWGTA_NC_015948.1+;Alias=MEME-1;ID=ATTHACTMGAAWMBKWGTA-MEME-1-55-NC_015948.1;pvalue=2.71e-05;qvalue=1;sequence=GCTTCCTCCAGAACGTGTA;
NC_015948.1,fimo,nucleotide_motif,1726825,1726843,45.7,-,.,Name=ATTHACTMGAAWMBKWGTA_NC_015948.1-;Alias=MEME-1;ID=ATTHACTMGAAWMBKWGTA-MEME-1-56-NC_015948.1;pvalue=2.71e-05;qvalue=1;sequence=TTTGACGAGCCACCGAGTA;
NC_015948.1,fimo,nucleotide_motif,2529170,2529188,45.4,-,.,Name=ATTHACTMGAAWMBKWGTA_NC_015948.1-;Alias=MEME-1;ID=ATTHACTMGAAWMBKWGTA-MEME-1-57-NC_015948.1;pvalue=2.88e-05;qvalue=1;sequence=ATTCAGACGGACTGTTGTA;
NC_015948.1,fimo,nucleotide_motif,2921144,2921162,45.2,+,.,Name=ATTHACTMGAAWMBKWGTA_NC_015948.1+;Alias=MEME-1;ID=ATTHACTMGAAWMBKWGTA-MEME-1-58-NC_015948.1;pvalue=3.03e-05;qvalue=1;sequence=TTTAATTACAGCAGTAGTA;
NC_015948.1,fimo,nucleotide_motif,1280977,1280995,45,-,.,Name=ATTHACTMGAAWMBKWGTA_NC_015948.1-;Alias=MEME-1;ID=ATTHACTMGAAWMBKWGTA-MEME-1-59-NC_015948.1;pvalue=3.17e-05;qvalue=1;sequence=ACTGAGACGGATCGGTGTA;
NC_015948.1,fimo,nucleotide_motif,1489835,1489853,44.7,-,.,Name=ATTHACTMGAAWMBKWGTA_NC_015948.1-;Alias=MEME-1;ID=ATTHACTMGAAWMBKWGTA-MEME-1-60-NC_015948.1;pvalue=3.35e-05;qvalue=1;sequence=ATTTACAACATCAGTTGTA;
NC_015948.1,fimo,nucleotide_motif,1029591,1029609,44.7,+,.,Name=ATTHACTMGAAWMBKWGTA_NC_015948.1+;Alias=MEME-1;ID=ATTHACTMGAAWMBKWGTA-MEME-1-61-NC_015948.1;pvalue=3.36e-05;qvalue=1;sequence=GTTCCGTAGAACAGGAGTG;
NC_015948.1,fimo,nucleotide_motif,501532,501550,44.5,+,.,Name=ATTHACTMGAAWMBKWGTA_NC_015948.1+;Alias=MEME-1;ID=ATTHACTMGAAWMBKWGTA-MEME-1-62-NC_015948.1;pvalue=3.54e-05;qvalue=1;sequence=ACGAACACGAGTTCGAGTC;
NC_015948.1,fimo,nucleotide_motif,2186840,2186858,44.3,+,.,Name=ATTHACTMGAAWMBKWGTA_NC_015948.1+;Alias=MEME-1;ID=ATTHACTMGAAWMBKWGTA-MEME-1-63-NC_015948.1;pvalue=3.71e-05;qvalue=1;sequence=GCTGTCTCGAACAGGTGTA;
NC_015948.1,fimo,nucleotide_motif,1999115,1999133,44.3,+,.,Name=ATTHACTMGAAWMBKWGTA_NC_015948.1+;Alias=MEME-1;ID=ATTHACTMGAAWMBKWGTA-MEME-1-64-NC_015948.1;pvalue=3.73e-05;qvalue=1;sequence=ATTACCGCGATCTCGTGTG;
NC_015948.1,fimo,nucleotide_motif,1877174,1877192,44.3,-,.,Name=ATTHACTMGAAWMBKWGTA_NC_015948.1-;Alias=MEME-1;ID=ATTHACTMGAAWMBKWGTA-MEME-1-65-NC_015948.1;pvalue=3.74e-05;qvalue=1;sequence=TTTCAGTCCCACCCGTGTC;
NC_015948.1,fimo,nucleotide_motif,731220,731238,44.1,-,.,Name=ATTHACTMGAAWMBKWGTA_NC_015948.1-;Alias=MEME-1;ID=ATTHACTMGAAWMBKWGTA-MEME-1-66-NC_015948.1;pvalue=3.89e-05;qvalue=1;sequence=GTTCCTGCTAATCTGTGTC;
NC_015948.1,fimo,nucleotide_motif,2118791,2118809,43.9,-,.,Name=ATTHACTMGAAWMBKWGTA_NC_015948.1-;Alias=MEME-1;ID=ATTHACTMGAAWMBKWGTA-MEME-1-67-NC_015948.1;pvalue=4.05e-05;qvalue=1;sequence=ACGACCTCGAGTTCGAGTG;
NC_015948.1,fimo,nucleotide_motif,1020219,1020237,43.9,-,.,Name=ATTHACTMGAAWMBKWGTA_NC_015948.1-;Alias=MEME-1;ID=ATTHACTMGAAWMBKWGTA-MEME-1-68-NC_015948.1;pvalue=4.07e-05;qvalue=1;sequence=ACAAACGCGAACAGTAGTA;
NC_015948.1,fimo,nucleotide_motif,2492483,2492501,43.9,+,.,Name=ATTHACTMGAAWMBKWGTA_NC_015948.1+;Alias=MEME-1;ID=ATTHACTMGAAWMBKWGTA-MEME-1-69-NC_015948.1;pvalue=4.07e-05;qvalue=1;sequence=TATGATTCCGAACCGAGTG;
NC_015948.1,fimo,nucleotide_motif,1268623,1268641,43.8,+,.,Name=ATTHACTMGAAWMBKWGTA_NC_015948.1+;Alias=MEME-1;ID=ATTHACTMGAAWMBKWGTA-MEME-1-70-NC_015948.1;pvalue=4.13e-05;qvalue=1;sequence=GATCACTCGTGCCTGAGTG;
NC_015948.1,fimo,nucleotide_motif,1534488,1534506,43.7,-,.,Name=ATTHACTMGAAWMBKWGTA_NC_015948.1-;Alias=MEME-1;ID=ATTHACTMGAAWMBKWGTA-MEME-1-71-NC_015948.1;pvalue=4.29e-05;qvalue=1;sequence=TCGAACTCGGCCCCGAGTA;
NC_015948.1,fimo,nucleotide_motif,1924336,1924354,43.6,-,.,Name=ATTHACTMGAAWMBKWGTA_NC_015948.1-;Alias=MEME-1;ID=ATTHACTMGAAWMBKWGTA-MEME-1-72-NC_015948.1;pvalue=4.33e-05;qvalue=1;sequence=TCGAAGTCGAAATGGAGTC;
NC_015948.1,fimo,nucleotide_motif,716018,716036,43.6,-,.,Name=ATTHACTMGAAWMBKWGTA_NC_015948.1-;Alias=MEME-1;ID=ATTHACTMGAAWMBKWGTA-MEME-1-73-NC_015948.1;pvalue=4.37e-05;qvalue=1;sequence=AAGAACGCGAACAGGAGTC;
NC_015948.1,fimo,nucleotide_motif,1486724,1486742,43.6,+,.,Name=ATTHACTMGAAWMBKWGTA_NC_015948.1+;Alias=MEME-1;ID=ATTHACTMGAAWMBKWGTA-MEME-1-74-NC_015948.1;pvalue=4.39e-05;qvalue=1;sequence=ACTCCTTCGTTTCCGTGTC;
NC_015948.1,fimo,nucleotide_motif,2324555,2324573,43.4,-,.,Name=ATTHACTMGAAWMBKWGTA_NC_015948.1-;Alias=MEME-1;ID=ATTHACTMGAAWMBKWGTA-MEME-1-75-NC_015948.1;pvalue=4.56e-05;qvalue=1;sequence=TCGTACTCGACCACGAGTA;
NC_015948.1,fimo,nucleotide_motif,2751053,2751071,43.4,+,.,Name=ATTHACTMGAAWMBKWGTA_NC_015948.1+;Alias=MEME-1;ID=ATTHACTMGAAWMBKWGTA-MEME-1-76-NC_015948.1;pvalue=4.6e-05;qvalue=1;sequence=ATAAACGCGCCTTCGAGTC;
NC_015948.1,fimo,nucleotide_motif,1604752,1604770,43.3,-,.,Name=ATTHACTMGAAWMBKWGTA_NC_015948.1-;Alias=MEME-1;ID=ATTHACTMGAAWMBKWGTA-MEME-1-77-NC_015948.1;pvalue=4.62e-05;qvalue=1;sequence=AAAAACTACGATCAGTGTA;
NC_015948.1,fimo,nucleotide_motif,1510096,1510114,43.2,-,.,Name=ATTHACTMGAAWMBKWGTA_NC_015948.1-;Alias=MEME-1;ID=ATTHACTMGAAWMBKWGTA-MEME-1-78-NC_015948.1;pvalue=4.74e-05;qvalue=1;sequence=GATAACGACGAACGGTGTC;
NC_015948.1,fimo,nucleotide_motif,897145,897163,43.2,-,.,Name=ATTHACTMGAAWMBKWGTA_NC_015948.1-;Alias=MEME-1;ID=ATTHACTMGAAWMBKWGTA-MEME-1-79-NC_015948.1;pvalue=4.8e-05;qvalue=1;sequence=GTGAACGCCGCACCGAGTC;
NC_015948.1,fimo,nucleotide_motif,1331672,1331690,43.2,+,.,Name=ATTHACTMGAAWMBKWGTA_NC_015948.1+;Alias=MEME-1;ID=ATTHACTMGAAWMBKWGTA-MEME-1-80-NC_015948.1;pvalue=4.81e-05;qvalue=1;sequence=ACGACCTCTACAACGAGTA;
NC_015948.1,fimo,nucleotide_motif,2791033,2791051,43,-,.,Name=ATTHACTMGAAWMBKWGTA_NC_015948.1-;Alias=MEME-1;ID=ATTHACTMGAAWMBKWGTA-MEME-1-81-NC_015948.1;pvalue=4.96e-05;qvalue=1;sequence=ATGAAGACGGTAACGAGTC;
NC_015948.1,fimo,nucleotide_motif,1187534,1187552,43,-,.,Name=ATTHACTMGAAWMBKWGTA_NC_015948.1-;Alias=MEME-1;ID=ATTHACTMGAAWMBKWGTA-MEME-1-82-NC_015948.1;pvalue=5.06e-05;qvalue=1;sequence=ATTTACTCGCTACTGTGAA;
NC_015948.1,fimo,nucleotide_motif,2713530,2713548,42.9,-,.,Name=ATTHACTMGAAWMBKWGTA_NC_015948.1-;Alias=MEME-1;ID=ATTHACTMGAAWMBKWGTA-MEME-1-83-NC_015948.1;pvalue=5.1e-05;qvalue=1;sequence=AATTAGTAAGATCTGAGTC;
NC_015948.1,fimo,nucleotide_motif,416758,416776,42.8,+,.,Name=ATTHACTMGAAWMBKWGTA_NC_015948.1+;Alias=MEME-1;ID=ATTHACTMGAAWMBKWGTA-MEME-1-84-NC_015948.1;pvalue=5.23e-05;qvalue=1;sequence=ACGCCCTCCGCTCCGAGTA;
NC_015948.1,fimo,nucleotide_motif,1868450,1868468,42.7,-,.,Name=ATTHACTMGAAWMBKWGTA_NC_015948.1-;Alias=MEME-1;ID=ATTHACTMGAAWMBKWGTA-MEME-1-85-NC_015948.1;pvalue=5.3e-05;qvalue=1;sequence=ATGCTCTCCACAACTAGTG;
NC_015948.1,fimo,nucleotide_motif,420783,420801,42.7,-,.,Name=ATTHACTMGAAWMBKWGTA_NC_015948.1-;Alias=MEME-1;ID=ATTHACTMGAAWMBKWGTA-MEME-1-86-NC_015948.1;pvalue=5.37e-05;qvalue=1;sequence=GTTCACTCGGTTTCGAGGC;
NC_015948.1,fimo,nucleotide_motif,2532039,2532057,42.6,-,.,Name=ATTHACTMGAAWMBKWGTA_NC_015948.1-;Alias=MEME-1;ID=ATTHACTMGAAWMBKWGTA-MEME-1-87-NC_015948.1;pvalue=5.48e-05;qvalue=1;sequence=ACGAACACGGCACGGAGTC;
NC_015948.1,fimo,nucleotide_motif,2681049,2681067,42.6,-,.,Name=ATTHACTMGAAWMBKWGTA_NC_015948.1-;Alias=MEME-1;ID=ATTHACTMGAAWMBKWGTA-MEME-1-88-NC_015948.1;pvalue=5.5e-05;qvalue=1;sequence=GCTGATTCTGGTCGGAGTG;
NC_015948.1,fimo,nucleotide_motif,2460574,2460592,42.5,+,.,Name=ATTHACTMGAAWMBKWGTA_NC_015948.1+;Alias=MEME-1;ID=ATTHACTMGAAWMBKWGTA-MEME-1-89-NC_015948.1;pvalue=5.6e-05;qvalue=1;sequence=GCATCCTCGGCTCCGAGTA;
NC_015948.1,fimo,nucleotide_motif,2454939,2454957,42.4,+,.,Name=ATTHACTMGAAWMBKWGTA_NC_015948.1+;Alias=MEME-1;ID=ATTHACTMGAAWMBKWGTA-MEME-1-90-NC_015948.1;pvalue=5.7e-05;qvalue=1;sequence=ATGCCCTCGAAACGCTGTA;
NC_015948.1,fimo,nucleotide_motif,2278160,2278178,42.4,-,.,Name=ATTHACTMGAAWMBKWGTA_NC_015948.1-;Alias=MEME-1;ID=ATTHACTMGAAWMBKWGTA-MEME-1-91-NC_015948.1;pvalue=5.75e-05;qvalue=1;sequence=TTGTCGTCGGATCGGAGTG;
NC_015948.1,fimo,nucleotide_motif,1794597,1794615,42.3,+,.,Name=ATTHACTMGAAWMBKWGTA_NC_015948.1+;Alias=MEME-1;ID=ATTHACTMGAAWMBKWGTA-MEME-1-92-NC_015948.1;pvalue=5.92e-05;qvalue=1;sequence=ATGACGTCGTGTACGAGTA;
NC_015948.1,fimo,nucleotide_motif,349054,349072,42.2,-,.,Name=ATTHACTMGAAWMBKWGTA_NC_015948.1-;Alias=MEME-1;ID=ATTHACTMGAAWMBKWGTA-MEME-1-93-NC_015948.1;pvalue=5.98e-05;qvalue=1;sequence=GTGGTCTAGAGAAGGAGTC;
NC_015948.1,fimo,nucleotide_motif,2128188,2128206,42.2,+,.,Name=ATTHACTMGAAWMBKWGTA_NC_015948.1+;Alias=MEME-1;ID=ATTHACTMGAAWMBKWGTA-MEME-1-94-NC_015948.1;pvalue=6.08e-05;qvalue=1;sequence=ATTAACTCTGTACCTAGAC;
NC_015948.1,fimo,nucleotide_motif,813021,813039,42.1,-,.,Name=ATTHACTMGAAWMBKWGTA_NC_015948.1-;Alias=MEME-1;ID=ATTHACTMGAAWMBKWGTA-MEME-1-95-NC_015948.1;pvalue=6.19e-05;qvalue=1;sequence=TCGACTTCGAGTCGGAGTA;
NC_015948.1,fimo,nucleotide_motif,420780,420798,42,+,.,Name=ATTHACTMGAAWMBKWGTA_NC_015948.1+;Alias=MEME-1;ID=ATTHACTMGAAWMBKWGTA-MEME-1-96-NC_015948.1;pvalue=6.28e-05;qvalue=1;sequence=TCAGCCTCGAAACCGAGTG;
NC_015948.1,fimo,nucleotide_motif,1057622,1057640,42,+,.,Name=ATTHACTMGAAWMBKWGTA_NC_015948.1+;Alias=MEME-1;ID=ATTHACTMGAAWMBKWGTA-MEME-1-97-NC_015948.1;pvalue=6.34e-05;qvalue=1;sequence=ATGTCCACGGGACTGAGTC;
NC_015948.1,fimo,nucleotide_motif,1125970,1125988,42,-,.,Name=ATTHACTMGAAWMBKWGTA_NC_015948.1-;Alias=MEME-1;ID=ATTHACTMGAAWMBKWGTA-MEME-1-98-NC_015948.1;pvalue=6.34e-05;qvalue=1;sequence=TTGCAGACGGCACCGAGTA;
NC_015948.1,fimo,nucleotide_motif,1386624,1386642,42,+,.,Name=ATTHACTMGAAWMBKWGTA_NC_015948.1+;Alias=MEME-1;ID=ATTHACTMGAAWMBKWGTA-MEME-1-99-NC_015948.1;pvalue=6.34e-05;qvalue=1;sequence=GCGTCCTCGATACTGAGTG;
NC_015948.1,fimo,nucleotide_motif,2053768,2053786,41.8,+,.,Name=ATTHACTMGAAWMBKWGTA_NC_015948.1+;Alias=MEME-1;ID=ATTHACTMGAAWMBKWGTA-MEME-1-100-NC_015948.1;pvalue=6.52e-05;qvalue=1;sequence=TCTTATTCCGAAAAGTGTA;
NC_015948.1,fimo,nucleotide_motif,1925853,1925871,41.8,-,.,Name=ATTHACTMGAAWMBKWGTA_NC_015948.1-;Alias=MEME-1;ID=ATTHACTMGAAWMBKWGTA-MEME-1-101-NC_015948.1;pvalue=6.63e-05;qvalue=1;sequence=GAGTACTCAAATTGTAGTC;
NC_015948.1,fimo,nucleotide_motif,2235592,2235610,41.8,-,.,Name=ATTHACTMGAAWMBKWGTA_NC_015948.1-;Alias=MEME-1;ID=ATTHACTMGAAWMBKWGTA-MEME-1-102-NC_015948.1;pvalue=6.63e-05;qvalue=1;sequence=TCAAAGTCGACTACGAGTA;
NC_015948.1,fimo,nucleotide_motif,2182662,2182680,41.7,+,.,Name=ATTHACTMGAAWMBKWGTA_NC_015948.1+;Alias=MEME-1;ID=ATTHACTMGAAWMBKWGTA-MEME-1-103-NC_015948.1;pvalue=6.76e-05;qvalue=1;sequence=ACGGACTCGTCTCCGAGTG;
NC_015948.1,fimo,nucleotide_motif,2929634,2929652,41.6,+,.,Name=ATTHACTMGAAWMBKWGTA_NC_015948.1+;Alias=MEME-1;ID=ATTHACTMGAAWMBKWGTA-MEME-1-104-NC_015948.1;pvalue=6.84e-05;qvalue=1;sequence=TTTCCGTCGTTTCGGTGTG;
NC_015948.1,fimo,nucleotide_motif,2047212,2047230,41.6,-,.,Name=ATTHACTMGAAWMBKWGTA_NC_015948.1-;Alias=MEME-1;ID=ATTHACTMGAAWMBKWGTA-MEME-1-105-NC_015948.1;pvalue=6.94e-05;qvalue=1;sequence=GCGAACACGATAAGGAGTG;
NC_015948.1,fimo,nucleotide_motif,2344407,2344425,41.6,+,.,Name=ATTHACTMGAAWMBKWGTA_NC_015948.1+;Alias=MEME-1;ID=ATTHACTMGAAWMBKWGTA-MEME-1-106-NC_015948.1;pvalue=6.94e-05;qvalue=1;sequence=GCGGTCTCGAAATCGAGTC;
NC_015948.1,fimo,nucleotide_motif,874985,875003,41.6,+,.,Name=ATTHACTMGAAWMBKWGTA_NC_015948.1+;Alias=MEME-1;ID=ATTHACTMGAAWMBKWGTA-MEME-1-107-NC_015948.1;pvalue=6.97e-05;qvalue=1;sequence=TCGAACACGATACTGAGTC;
NC_015948.1,fimo,nucleotide_motif,653501,653519,41.5,+,.,Name=ATTHACTMGAAWMBKWGTA_NC_015948.1+;Alias=MEME-1;ID=ATTHACTMGAAWMBKWGTA-MEME-1-108-NC_015948.1;pvalue=7e-05;qvalue=1;sequence=ATTGGCTCGCGTCGGTGTA;
NC_015948.1,fimo,nucleotide_motif,2153292,2153310,41.5,+,.,Name=ATTHACTMGAAWMBKWGTA_NC_015948.1+;Alias=MEME-1;ID=ATTHACTMGAAWMBKWGTA-MEME-1-109-NC_015948.1;pvalue=7e-05;qvalue=1;sequence=ACTCTCGCAGATCCGAGTG;
NC_015948.1,fimo,nucleotide_motif,1091827,1091845,41.5,-,.,Name=ATTHACTMGAAWMBKWGTA_NC_015948.1-;Alias=MEME-1;ID=ATTHACTMGAAWMBKWGTA-MEME-1-110-NC_015948.1;pvalue=7.06e-05;qvalue=1;sequence=TCGTCCTCGATTCGGTGTC;
NC_015948.1,fimo,nucleotide_motif,2072406,2072424,41.5,+,.,Name=ATTHACTMGAAWMBKWGTA_NC_015948.1+;Alias=MEME-1;ID=ATTHACTMGAAWMBKWGTA-MEME-1-111-NC_015948.1;pvalue=7.1e-05;qvalue=1;sequence=TCGGACTCGACTTCGAGTC;
NC_015948.1,fimo,nucleotide_motif,1844219,1844237,41.5,-,.,Name=ATTHACTMGAAWMBKWGTA_NC_015948.1-;Alias=MEME-1;ID=ATTHACTMGAAWMBKWGTA-MEME-1-112-NC_015948.1;pvalue=7.13e-05;qvalue=1;sequence=TTTGATTCGATCAAGTGTC;
NC_015948.1,fimo,nucleotide_motif,2107765,2107783,41.4,-,.,Name=ATTHACTMGAAWMBKWGTA_NC_015948.1-;Alias=MEME-1;ID=ATTHACTMGAAWMBKWGTA-MEME-1-113-NC_015948.1;pvalue=7.19e-05;qvalue=1;sequence=ACGAACTCGAAAAGCAGTA;
NC_015948.1,fimo,nucleotide_motif,878980,878998,41.4,+,.,Name=ATTHACTMGAAWMBKWGTA_NC_015948.1+;Alias=MEME-1;ID=ATTHACTMGAAWMBKWGTA-MEME-1-114-NC_015948.1;pvalue=7.3e-05;qvalue=1;sequence=GCTGTCTCCGAACCGTGTG;
NC_015948.1,fimo,nucleotide_motif,2354880,2354898,41.4,-,.,Name=ATTHACTMGAAWMBKWGTA_NC_015948.1-;Alias=MEME-1;ID=ATTHACTMGAAWMBKWGTA-MEME-1-115-NC_015948.1;pvalue=7.3e-05;qvalue=1;sequence=AAGGCCTCGATATCGAGTC;
NC_015948.1,fimo,nucleotide_motif,2876960,2876978,41.4,-,.,Name=ATTHACTMGAAWMBKWGTA_NC_015948.1-;Alias=MEME-1;ID=ATTHACTMGAAWMBKWGTA-MEME-1-116-NC_015948.1;pvalue=7.3e-05;qvalue=1;sequence=GTGTCGTCGAGTACGAGTG;
NC_015948.1,fimo,nucleotide_motif,1662676,1662694,41.3,-,.,Name=ATTHACTMGAAWMBKWGTA_NC_015948.1-;Alias=MEME-1;ID=ATTHACTMGAAWMBKWGTA-MEME-1-117-NC_015948.1;pvalue=7.36e-05;qvalue=1;sequence=GCTCTCGCGACTCGGTGTC;
NC_015948.1,fimo,nucleotide_motif,291956,291974,41.3,+,.,Name=ATTHACTMGAAWMBKWGTA_NC_015948.1+;Alias=MEME-1;ID=ATTHACTMGAAWMBKWGTA-MEME-1-118-NC_015948.1;pvalue=7.45e-05;qvalue=1;sequence=GATACCACGGGACGGAGTC;
NC_015948.1,fimo,nucleotide_motif,351329,351347,41.2,-,.,Name=ATTHACTMGAAWMBKWGTA_NC_015948.1-;Alias=MEME-1;ID=ATTHACTMGAAWMBKWGTA-MEME-1-119-NC_015948.1;pvalue=7.59e-05;qvalue=1;sequence=ATTTCCTCGAACTGGAGGA;
NC_015948.1,fimo,nucleotide_motif,1177748,1177766,41.1,+,.,Name=ATTHACTMGAAWMBKWGTA_NC_015948.1+;Alias=MEME-1;ID=ATTHACTMGAAWMBKWGTA-MEME-1-120-NC_015948.1;pvalue=7.68e-05;qvalue=1;sequence=ATTCTGTCCGCAATGAGTC;
NC_015948.1,fimo,nucleotide_motif,2012683,2012701,41.1,+,.,Name=ATTHACTMGAAWMBKWGTA_NC_015948.1+;Alias=MEME-1;ID=ATTHACTMGAAWMBKWGTA-MEME-1-121-NC_015948.1;pvalue=7.79e-05;qvalue=1;sequence=TCTCACTACCGAAGGAGTG;
NC_015948.1,fimo,nucleotide_motif,423608,423626,41,+,.,Name=ATTHACTMGAAWMBKWGTA_NC_015948.1+;Alias=MEME-1;ID=ATTHACTMGAAWMBKWGTA-MEME-1-122-NC_015948.1;pvalue=7.86e-05;qvalue=1;sequence=AATCCCCCGAAATCGAGTA;
NC_015948.1,fimo,nucleotide_motif,1701957,1701975,41,-,.,Name=ATTHACTMGAAWMBKWGTA_NC_015948.1-;Alias=MEME-1;ID=ATTHACTMGAAWMBKWGTA-MEME-1-123-NC_015948.1;pvalue=7.86e-05;qvalue=1;sequence=ACGTTTTCGGATAGGAGTC;
NC_015948.1,fimo,nucleotide_motif,2448981,2448999,41,+,.,Name=ATTHACTMGAAWMBKWGTA_NC_015948.1+;Alias=MEME-1;ID=ATTHACTMGAAWMBKWGTA-MEME-1-124-NC_015948.1;pvalue=7.86e-05;qvalue=1;sequence=ATTTGGTCGGTATCGAGTA;
NC_015948.1,fimo,nucleotide_motif,1244004,1244022,41,+,.,Name=ATTHACTMGAAWMBKWGTA_NC_015948.1+;Alias=MEME-1;ID=ATTHACTMGAAWMBKWGTA-MEME-1-125-NC_015948.1;pvalue=7.89e-05;qvalue=1;sequence=TCTACCTCGAAGCGGAGTA;
NC_015948.1,fimo,nucleotide_motif,1914236,1914254,40.9,-,.,Name=ATTHACTMGAAWMBKWGTA_NC_015948.1-;Alias=MEME-1;ID=ATTHACTMGAAWMBKWGTA-MEME-1-126-NC_015948.1;pvalue=8.13e-05;qvalue=1;sequence=ATTTCGACGACCCGGTGTA;
NC_015948.1,fimo,nucleotide_motif,1582075,1582093,40.8,-,.,Name=ATTHACTMGAAWMBKWGTA_NC_015948.1-;Alias=MEME-1;ID=ATTHACTMGAAWMBKWGTA-MEME-1-127-NC_015948.1;pvalue=8.31e-05;qvalue=1;sequence=GCGGCCTCGACTCCGTGTA;
NC_015948.1,fimo,nucleotide_motif,2492486,2492504,40.8,-,.,Name=ATTHACTMGAAWMBKWGTA_NC_015948.1-;Alias=MEME-1;ID=ATTHACTMGAAWMBKWGTA-MEME-1-128-NC_015948.1;pvalue=8.35e-05;qvalue=1;sequence=AATCACTCGGTTCGGAATC;
NC_015948.1,fimo,nucleotide_motif,2168481,2168499,40.8,-,.,Name=ATTHACTMGAAWMBKWGTA_NC_015948.1-;Alias=MEME-1;ID=ATTHACTMGAAWMBKWGTA-MEME-1-129-NC_015948.1;pvalue=8.39e-05;qvalue=1;sequence=ACTCACTGGAGAACGTGTC;
NC_015948.1,fimo,nucleotide_motif,1303569,1303587,40.7,-,.,Name=ATTHACTMGAAWMBKWGTA_NC_015948.1-;Alias=MEME-1;ID=ATTHACTMGAAWMBKWGTA-MEME-1-130-NC_015948.1;pvalue=8.43e-05;qvalue=1;sequence=ACGAAGTCGGGATGGAGTG;
NC_015948.1,fimo,nucleotide_motif,1980645,1980663,40.7,+,.,Name=ATTHACTMGAAWMBKWGTA_NC_015948.1+;Alias=MEME-1;ID=ATTHACTMGAAWMBKWGTA-MEME-1-131-NC_015948.1;pvalue=8.43e-05;qvalue=1;sequence=ACAAACGCGGCCCGGAGTA;
NC_015948.1,fimo,nucleotide_motif,1714671,1714689,40.6,+,.,Name=ATTHACTMGAAWMBKWGTA_NC_015948.1+;Alias=MEME-1;ID=ATTHACTMGAAWMBKWGTA-MEME-1-132-NC_015948.1;pvalue=8.6e-05;qvalue=1;sequence=AATTCCTCGAATTCGGGTA;
NC_015948.1,fimo,nucleotide_motif,732642,732660,40.6,+,.,Name=ATTHACTMGAAWMBKWGTA_NC_015948.1+;Alias=MEME-1;ID=ATTHACTMGAAWMBKWGTA-MEME-1-133-NC_015948.1;pvalue=8.63e-05;qvalue=1;sequence=ATGGTCTCGGTCAGGAGTC;
NC_015948.1,fimo,nucleotide_motif,2148640,2148658,40.6,-,.,Name=ATTHACTMGAAWMBKWGTA_NC_015948.1-;Alias=MEME-1;ID=ATTHACTMGAAWMBKWGTA-MEME-1-134-NC_015948.1;pvalue=8.66e-05;qvalue=1;sequence=GCGCACGCGACTTGGAGTC;
NC_015948.1,fimo,nucleotide_motif,2797151,2797169,40.6,+,.,Name=ATTHACTMGAAWMBKWGTA_NC_015948.1+;Alias=MEME-1;ID=ATTHACTMGAAWMBKWGTA-MEME-1-135-NC_015948.1;pvalue=8.69e-05;qvalue=1;sequence=ACGTCCTCGTGATGGAGTA;
NC_015948.1,fimo,nucleotide_motif,223769,223787,40.5,+,.,Name=ATTHACTMGAAWMBKWGTA_NC_015948.1+;Alias=MEME-1;ID=ATTHACTMGAAWMBKWGTA-MEME-1-136-NC_015948.1;pvalue=9e-05;qvalue=1;sequence=ACTTACGAGTGTTCGTGTC;
NC_015948.1,fimo,nucleotide_motif,1573966,1573984,40.4,-,.,Name=ATTHACTMGAAWMBKWGTA_NC_015948.1-;Alias=MEME-1;ID=ATTHACTMGAAWMBKWGTA-MEME-1-137-NC_015948.1;pvalue=9.03e-05;qvalue=1;sequence=GTTCACTCGGGTTGCTGTC;
NC_015948.1,fimo,nucleotide_motif,2427247,2427265,40.4,-,.,Name=ATTHACTMGAAWMBKWGTA_NC_015948.1-;Alias=MEME-1;ID=ATTHACTMGAAWMBKWGTA-MEME-1-138-NC_015948.1;pvalue=9.03e-05;qvalue=1;sequence=GTTCAGTACCACTCGTGTC;
NC_015948.1,fimo,nucleotide_motif,1741364,1741382,40.4,+,.,Name=ATTHACTMGAAWMBKWGTA_NC_015948.1+;Alias=MEME-1;ID=ATTHACTMGAAWMBKWGTA-MEME-1-139-NC_015948.1;pvalue=9.1e-05;qvalue=1;sequence=GTACACGCCGGACGTTGTC;
NC_015948.1,fimo,nucleotide_motif,2036523,2036541,40.4,-,.,Name=ATTHACTMGAAWMBKWGTA_NC_015948.1-;Alias=MEME-1;ID=ATTHACTMGAAWMBKWGTA-MEME-1-140-NC_015948.1;pvalue=9.16e-05;qvalue=1;sequence=ATTATTTACCGTCGTAGTG;
NC_015948.1,fimo,nucleotide_motif,586831,586849,40.3,-,.,Name=ATTHACTMGAAWMBKWGTA_NC_015948.1-;Alias=MEME-1;ID=ATTHACTMGAAWMBKWGTA-MEME-1-141-NC_015948.1;pvalue=9.31e-05;qvalue=1;sequence=TCATCGTCGAATACGAGTA;
NC_015948.1,fimo,nucleotide_motif,1605125,1605143,40.3,+,.,Name=ATTHACTMGAAWMBKWGTA_NC_015948.1+;Alias=MEME-1;ID=ATTHACTMGAAWMBKWGTA-MEME-1-142-NC_015948.1;pvalue=9.31e-05;qvalue=1;sequence=ATGTTTTCGGATTATTGTA;
NC_015948.1,fimo,nucleotide_motif,1921001,1921019,40.3,-,.,Name=ATTHACTMGAAWMBKWGTA_NC_015948.1-;Alias=MEME-1;ID=ATTHACTMGAAWMBKWGTA-MEME-1-143-NC_015948.1;pvalue=9.39e-05;qvalue=1;sequence=TCGAAGTCGAGATGGAGTC;
NC_015948.1,fimo,nucleotide_motif,1381996,1382014,40.2,-,.,Name=ATTHACTMGAAWMBKWGTA_NC_015948.1-;Alias=MEME-1;ID=ATTHACTMGAAWMBKWGTA-MEME-1-144-NC_015948.1;pvalue=9.43e-05;qvalue=1;sequence=ACGTCCTCGCCTCCGAGTC;
NC_015948.1,fimo,nucleotide_motif,2184403,2184421,40.2,-,.,Name=ATTHACTMGAAWMBKWGTA_NC_015948.1-;Alias=MEME-1;ID=ATTHACTMGAAWMBKWGTA-MEME-1-145-NC_015948.1;pvalue=9.43e-05;qvalue=1;sequence=ATAAACTCGAACAGGTGGA;
NC_015948.1,fimo,nucleotide_motif,100274,100292,40.2,+,.,Name=ATTHACTMGAAWMBKWGTA_NC_015948.1+;Alias=MEME-1;ID=ATTHACTMGAAWMBKWGTA-MEME-1-146-NC_015948.1;pvalue=9.55e-05;qvalue=1;sequence=GTTCACTCAAGAACGTGGA;
NC_015948.1,fimo,nucleotide_motif,99983,100001,40.2,+,.,Name=ATTHACTMGAAWMBKWGTA_NC_015948.1+;Alias=MEME-1;ID=ATTHACTMGAAWMBKWGTA-MEME-1-147-NC_015948.1;pvalue=9.62e-05;qvalue=1;sequence=TTGCGCTCGTATCGGAGTA;
NC_015948.1,fimo,nucleotide_motif,2222261,2222279,40.2,+,.,Name=ATTHACTMGAAWMBKWGTA_NC_015948.1+;Alias=MEME-1;ID=ATTHACTMGAAWMBKWGTA-MEME-1-148-NC_015948.1;pvalue=9.62e-05;qvalue=1;sequence=GTTTCTGCTGTTCCTTGTA;
NC_015948.1,fimo,nucleotide_motif,1042320,1042338,40.1,+,.,Name=ATTHACTMGAAWMBKWGTA_NC_015948.1+;Alias=MEME-1;ID=ATTHACTMGAAWMBKWGTA-MEME-1-149-NC_015948.1;pvalue=9.66e-05;qvalue=1;sequence=TTTTCTGCCAGTACGTGTA;
NC_015948.1,fimo,nucleotide_motif,1759995,1760013,40.1,+,.,Name=ATTHACTMGAAWMBKWGTA_NC_015948.1+;Alias=MEME-1;ID=ATTHACTMGAAWMBKWGTA-MEME-1-150-NC_015948.1;pvalue=9.66e-05;qvalue=1;sequence=CCGCACTCGACACCGAGTA;
NC_015948.1,fimo,nucleotide_motif,1785734,1785752,40.1,-,.,Name=ATTHACTMGAAWMBKWGTA_NC_015948.1-;Alias=MEME-1;ID=ATTHACTMGAAWMBKWGTA-MEME-1-151-NC_015948.1;pvalue=9.66e-05;qvalue=1;sequence=ATTCGCTACAACACGAGTG;
NC_015948.1,fimo,nucleotide_motif,1327853,1327871,40,+,.,Name=ATTHACTMGAAWMBKWGTA_NC_015948.1+;Alias=MEME-1;ID=ATTHACTMGAAWMBKWGTA-MEME-1-152-NC_015948.1;pvalue=9.89e-05;qvalue=1;sequence=GCTCCCGCGGCTCCTTGTA;
NC_015948.1,fimo,nucleotide_motif,331267,331285,40,-,.,Name=ATTHACTMGAAWMBKWGTA_NC_015948.1-;Alias=MEME-1;ID=ATTHACTMGAAWMBKWGTA-MEME-1-153-NC_015948.1;pvalue=9.97e-05;qvalue=1;sequence=ACTCAGGCTTGACCGTGTA;
NC_015943.1,fimo,nucleotide_motif,61159,61177,51.2,-,.,Name=ATTHACTMGAAWMBKWGTA_NC_015943.1-;Alias=MEME-1;ID=ATTHACTMGAAWMBKWGTA-MEME-1-1-NC_015943.1;pvalue=7.49e-06;qvalue=1;sequence=ATTCAGTCAGAAACGTGTG;
NC_015943.1,fimo,nucleotide_motif,53060,53078,51.2,-,.,Name=ATTHACTMGAAWMBKWGTA_NC_015943.1-;Alias=MEME-1;ID=ATTHACTMGAAWMBKWGTA-MEME-1-2-NC_015943.1;pvalue=7.64e-06;qvalue=1;sequence=ATTAATGCTGTTTGGAGTA;
NC_015943.1,fimo,nucleotide_motif,21242,21260,51,+,.,Name=ATTHACTMGAAWMBKWGTA_NC_015943.1+;Alias=MEME-1;ID=ATTHACTMGAAWMBKWGTA-MEME-1-3-NC_015943.1;pvalue=7.94e-06;qvalue=1;sequence=ATTCAGTAAACACGGAGTC;
NC_015943.1,fimo,nucleotide_motif,83719,83737,49.6,-,.,Name=ATTHACTMGAAWMBKWGTA_NC_015943.1-;Alias=MEME-1;ID=ATTHACTMGAAWMBKWGTA-MEME-1-4-NC_015943.1;pvalue=1.11e-05;qvalue=1;sequence=ATACCGTCGATACTGAGTA;
NC_015943.1,fimo,nucleotide_motif,143592,143610,48.7,+,.,Name=ATTHACTMGAAWMBKWGTA_NC_015943.1+;Alias=MEME-1;ID=ATTHACTMGAAWMBKWGTA-MEME-1-5-NC_015943.1;pvalue=1.35e-05;qvalue=1;sequence=GCTGACTCGTTACGGAGTC;
NC_015943.1,fimo,nucleotide_motif,129326,129344,48.5,-,.,Name=ATTHACTMGAAWMBKWGTA_NC_015943.1-;Alias=MEME-1;ID=ATTHACTMGAAWMBKWGTA-MEME-1-6-NC_015943.1;pvalue=1.42e-05;qvalue=1;sequence=GTTCTGTCGAGATGGAGTC;
NC_015943.1,fimo,nucleotide_motif,369947,369965,48.1,+,.,Name=ATTHACTMGAAWMBKWGTA_NC_015943.1+;Alias=MEME-1;ID=ATTHACTMGAAWMBKWGTA-MEME-1-7-NC_015943.1;pvalue=1.56e-05;qvalue=1;sequence=ACTTTCTCGAACATTAGTA;
NC_015943.1,fimo,nucleotide_motif,219980,219998,48,+,.,Name=ATTHACTMGAAWMBKWGTA_NC_015943.1+;Alias=MEME-1;ID=ATTHACTMGAAWMBKWGTA-MEME-1-8-NC_015943.1;pvalue=1.58e-05;qvalue=1;sequence=GTGTATTCGACTCGTAGTG;
NC_015943.1,fimo,nucleotide_motif,77536,77554,46.5,+,.,Name=ATTHACTMGAAWMBKWGTA_NC_015943.1+;Alias=MEME-1;ID=ATTHACTMGAAWMBKWGTA-MEME-1-9-NC_015943.1;pvalue=2.22e-05;qvalue=1;sequence=GTTCCGTCGGGTTCGAGTC;
NC_015943.1,fimo,nucleotide_motif,71201,71219,46.1,-,.,Name=ATTHACTMGAAWMBKWGTA_NC_015943.1-;Alias=MEME-1;ID=ATTHACTMGAAWMBKWGTA-MEME-1-10-NC_015943.1;pvalue=2.45e-05;qvalue=1;sequence=ACTTCGTCGAAATCGTGTC;
NC_015943.1,fimo,nucleotide_motif,470064,470082,45.9,-,.,Name=ATTHACTMGAAWMBKWGTA_NC_015943.1-;Alias=MEME-1;ID=ATTHACTMGAAWMBKWGTA-MEME-1-11-NC_015943.1;pvalue=2.58e-05;qvalue=1;sequence=TTTCTCTCTAGCCAGAGTA;
NC_015943.1,fimo,nucleotide_motif,288184,288202,45.7,-,.,Name=ATTHACTMGAAWMBKWGTA_NC_015943.1-;Alias=MEME-1;ID=ATTHACTMGAAWMBKWGTA-MEME-1-12-NC_015943.1;pvalue=2.67e-05;qvalue=1;sequence=GATACGTCGGAACCGAGTC;
NC_015943.1,fimo,nucleotide_motif,345794,345812,45.2,-,.,Name=ATTHACTMGAAWMBKWGTA_NC_015943.1-;Alias=MEME-1;ID=ATTHACTMGAAWMBKWGTA-MEME-1-13-NC_015943.1;pvalue=3.01e-05;qvalue=1;sequence=GTTCACACGCCATGGTGTC;
NC_015943.1,fimo,nucleotide_motif,41082,41100,44.7,+,.,Name=ATTHACTMGAAWMBKWGTA_NC_015943.1+;Alias=MEME-1;ID=ATTHACTMGAAWMBKWGTA-MEME-1-14-NC_015943.1;pvalue=3.35e-05;qvalue=1;sequence=TTTGAGTCCAATTCTTGTC;
NC_015943.1,fimo,nucleotide_motif,177961,177979,44,-,.,Name=ATTHACTMGAAWMBKWGTA_NC_015943.1-;Alias=MEME-1;ID=ATTHACTMGAAWMBKWGTA-MEME-1-15-NC_015943.1;pvalue=3.99e-05;qvalue=1;sequence=ATTGATACTGGTCGGTGTC;
NC_015943.1,fimo,nucleotide_motif,300267,300285,43.4,-,.,Name=ATTHACTMGAAWMBKWGTA_NC_015943.1-;Alias=MEME-1;ID=ATTHACTMGAAWMBKWGTA-MEME-1-16-NC_015943.1;pvalue=4.51e-05;qvalue=1;sequence=AAATCGTCGAAAAGGAGTA;
NC_015943.1,fimo,nucleotide_motif,242875,242893,43.2,+,.,Name=ATTHACTMGAAWMBKWGTA_NC_015943.1+;Alias=MEME-1;ID=ATTHACTMGAAWMBKWGTA-MEME-1-17-NC_015943.1;pvalue=4.81e-05;qvalue=1;sequence=GTTACTTCCCAAATGAGTC;
NC_015943.1,fimo,nucleotide_motif,380467,380485,43,-,.,Name=ATTHACTMGAAWMBKWGTA_NC_015943.1-;Alias=MEME-1;ID=ATTHACTMGAAWMBKWGTA-MEME-1-18-NC_015943.1;pvalue=5.06e-05;qvalue=1;sequence=TTATCGTCGGAACGGAGTC;
NC_015943.1,fimo,nucleotide_motif,432172,432190,42.9,-,.,Name=ATTHACTMGAAWMBKWGTA_NC_015943.1-;Alias=MEME-1;ID=ATTHACTMGAAWMBKWGTA-MEME-1-19-NC_015943.1;pvalue=5.16e-05;qvalue=1;sequence=ATCAACACGAACCGGTGTA;
NC_015943.1,fimo,nucleotide_motif,311832,311850,42.7,-,.,Name=ATTHACTMGAAWMBKWGTA_NC_015943.1-;Alias=MEME-1;ID=ATTHACTMGAAWMBKWGTA-MEME-1-20-NC_015943.1;pvalue=5.33e-05;qvalue=1;sequence=ATAAATTAGGAAAATTGTC;
NC_015943.1,fimo,nucleotide_motif,37215,37233,41.7,-,.,Name=ATTHACTMGAAWMBKWGTA_NC_015943.1-;Alias=MEME-1;ID=ATTHACTMGAAWMBKWGTA-MEME-1-21-NC_015943.1;pvalue=6.69e-05;qvalue=1;sequence=GATTACTCGGAACGTCGTA;
NC_015943.1,fimo,nucleotide_motif,168130,168148,41.7,-,.,Name=ATTHACTMGAAWMBKWGTA_NC_015943.1-;Alias=MEME-1;ID=ATTHACTMGAAWMBKWGTA-MEME-1-22-NC_015943.1;pvalue=6.79e-05;qvalue=1;sequence=GTTCTCTCAGGAAATAGTA;
NC_015943.1,fimo,nucleotide_motif,141612,141630,41.6,-,.,Name=ATTHACTMGAAWMBKWGTA_NC_015943.1-;Alias=MEME-1;ID=ATTHACTMGAAWMBKWGTA-MEME-1-23-NC_015943.1;pvalue=6.84e-05;qvalue=1;sequence=TCACACTACGTACCGAGTC;
NC_015943.1,fimo,nucleotide_motif,112048,112066,41.5,-,.,Name=ATTHACTMGAAWMBKWGTA_NC_015943.1-;Alias=MEME-1;ID=ATTHACTMGAAWMBKWGTA-MEME-1-24-NC_015943.1;pvalue=7.06e-05;qvalue=1;sequence=TCTCTTTCGCTACTGAGTA;
NC_015943.1,fimo,nucleotide_motif,486890,486908,41.5,+,.,Name=ATTHACTMGAAWMBKWGTA_NC_015943.1+;Alias=MEME-1;ID=ATTHACTMGAAWMBKWGTA-MEME-1-25-NC_015943.1;pvalue=7.06e-05;qvalue=1;sequence=ATGATCTACACTTCGAGTG;
NC_015943.1,fimo,nucleotide_motif,34297,34315,41.5,-,.,Name=ATTHACTMGAAWMBKWGTA_NC_015943.1-;Alias=MEME-1;ID=ATTHACTMGAAWMBKWGTA-MEME-1-26-NC_015943.1;pvalue=7.1e-05;qvalue=1;sequence=AATTATTATCTATGTAGTA;
NC_015943.1,fimo,nucleotide_motif,115171,115189,41.4,-,.,Name=ATTHACTMGAAWMBKWGTA_NC_015943.1-;Alias=MEME-1;ID=ATTHACTMGAAWMBKWGTA-MEME-1-27-NC_015943.1;pvalue=7.25e-05;qvalue=1;sequence=ACTCACAACAACTCTAGTC;
NC_015943.1,fimo,nucleotide_motif,330415,330433,41.3,+,.,Name=ATTHACTMGAAWMBKWGTA_NC_015943.1+;Alias=MEME-1;ID=ATTHACTMGAAWMBKWGTA-MEME-1-28-NC_015943.1;pvalue=7.39e-05;qvalue=1;sequence=TTTGTGTCGGGACCGTGTC;
NC_015943.1,fimo,nucleotide_motif,273634,273652,41.3,+,.,Name=ATTHACTMGAAWMBKWGTA_NC_015943.1+;Alias=MEME-1;ID=ATTHACTMGAAWMBKWGTA-MEME-1-29-NC_015943.1;pvalue=7.45e-05;qvalue=1;sequence=GTGTTCTCGGGCACTAGTA;
NC_015943.1,fimo,nucleotide_motif,75739,75757,40.8,-,.,Name=ATTHACTMGAAWMBKWGTA_NC_015943.1-;Alias=MEME-1;ID=ATTHACTMGAAWMBKWGTA-MEME-1-30-NC_015943.1;pvalue=8.25e-05;qvalue=1;sequence=GTGTAGTCGCAAATTAGTG;
NC_015943.1,fimo,nucleotide_motif,193422,193440,40.8,-,.,Name=ATTHACTMGAAWMBKWGTA_NC_015943.1-;Alias=MEME-1;ID=ATTHACTMGAAWMBKWGTA-MEME-1-31-NC_015943.1;pvalue=8.39e-05;qvalue=1;sequence=GAGCAGTCGGTACAGAGTA;
NC_015943.1,fimo,nucleotide_motif,395959,395977,40.5,-,.,Name=ATTHACTMGAAWMBKWGTA_NC_015943.1-;Alias=MEME-1;ID=ATTHACTMGAAWMBKWGTA-MEME-1-32-NC_015943.1;pvalue=8.88e-05;qvalue=1;sequence=TTGCATTCGTCCCCGAGTC;
NC_015943.1,fimo,nucleotide_motif,169286,169304,40.5,-,.,Name=ATTHACTMGAAWMBKWGTA_NC_015943.1-;Alias=MEME-1;ID=ATTHACTMGAAWMBKWGTA-MEME-1-33-NC_015943.1;pvalue=8.96e-05;qvalue=1;sequence=GATCAGTCAAGAAAGAGTA;
NC_015943.1,fimo,nucleotide_motif,149827,149845,40.4,+,.,Name=ATTHACTMGAAWMBKWGTA_NC_015943.1+;Alias=MEME-1;ID=ATTHACTMGAAWMBKWGTA-MEME-1-34-NC_015943.1;pvalue=9.13e-05;qvalue=1;sequence=GTTGCTTACGGATGGAGTA;
NC_015943.1,fimo,nucleotide_motif,270411,270429,40.3,+,.,Name=ATTHACTMGAAWMBKWGTA_NC_015943.1+;Alias=MEME-1;ID=ATTHACTMGAAWMBKWGTA-MEME-1-35-NC_015943.1;pvalue=9.31e-05;qvalue=1;sequence=ATTCGCTCCGTTTGGAGTG;
NC_015943.1,fimo,nucleotide_motif,295925,295943,40.3,+,.,Name=ATTHACTMGAAWMBKWGTA_NC_015943.1+;Alias=MEME-1;ID=ATTHACTMGAAWMBKWGTA-MEME-1-36-NC_015943.1;pvalue=9.31e-05;qvalue=1;sequence=TCTCCCACCAGACGGTGTA;
NC_015943.1,fimo,nucleotide_motif,325242,325260,40.3,+,.,Name=ATTHACTMGAAWMBKWGTA_NC_015943.1+;Alias=MEME-1;ID=ATTHACTMGAAWMBKWGTA-MEME-1-37-NC_015943.1;pvalue=9.31e-05;qvalue=1;sequence=AATTAGAATAATATGTGTA;
NC_015943.1,fimo,nucleotide_motif,72895,72913,40.3,-,.,Name=ATTHACTMGAAWMBKWGTA_NC_015943.1-;Alias=MEME-1;ID=ATTHACTMGAAWMBKWGTA-MEME-1-38-NC_015943.1;pvalue=9.39e-05;qvalue=1;sequence=GTTCCCACTTGACGTTGTA;
NC_015943.1,fimo,nucleotide_motif,76904,76922,40.2,-,.,Name=ATTHACTMGAAWMBKWGTA_NC_015943.1-;Alias=MEME-1;ID=ATTHACTMGAAWMBKWGTA-MEME-1-39-NC_015943.1;pvalue=9.51e-05;qvalue=1;sequence=GTTCACTCGGGCCCGACTC;
NC_015943.1,fimo,nucleotide_motif,405373,405391,40.2,+,.,Name=ATTHACTMGAAWMBKWGTA_NC_015943.1+;Alias=MEME-1;ID=ATTHACTMGAAWMBKWGTA-MEME-1-40-NC_015943.1;pvalue=9.59e-05;qvalue=1;sequence=GTGGCGTCGGAAACGAGTC;
NC_015943.1,fimo,nucleotide_motif,83758,83776,40.2,+,.,Name=ATTHACTMGAAWMBKWGTA_NC_015943.1+;Alias=MEME-1;ID=ATTHACTMGAAWMBKWGTA-MEME-1-41-NC_015943.1;pvalue=9.62e-05;qvalue=1;sequence=ATGAATTCACGAACTAGTC;
NC_015943.1,fimo,nucleotide_motif,58497,58515,40.1,+,.,Name=ATTHACTMGAAWMBKWGTA_NC_015943.1+;Alias=MEME-1;ID=ATTHACTMGAAWMBKWGTA-MEME-1-42-NC_015943.1;pvalue=9.69e-05;qvalue=1;sequence=TTACACTCCGGATTTTGTC;
NC_015943.1,fimo,nucleotide_motif,462932,462950,40.1,+,.,Name=ATTHACTMGAAWMBKWGTA_NC_015943.1+;Alias=MEME-1;ID=ATTHACTMGAAWMBKWGTA-MEME-1-43-NC_015943.1;pvalue=9.76e-05;qvalue=1;sequence=ACGAACAATACACCGAGTC;
NC_015943.1,fimo,nucleotide_motif,471606,471624,40.1,-,.,Name=ATTHACTMGAAWMBKWGTA_NC_015943.1-;Alias=MEME-1;ID=ATTHACTMGAAWMBKWGTA-MEME-1-44-NC_015943.1;pvalue=9.8e-05;qvalue=1;sequence=ATGCACTCTAGTTCGATTA;
NC_015944.1,fimo,nucleotide_motif,133790,133808,72.3,+,.,Name=ATTHACTMGAAWMBKWGTA_NC_015944.1+;Alias=MEME-1;ID=ATTHACTMGAAWMBKWGTA-MEME-1-1-NC_015944.1;pvalue=5.83e-08;qvalue=0.0756;sequence=ATGAACTCGAATCTGTGTA;
NC_015944.1,fimo,nucleotide_motif,134417,134435,55.3,+,.,Name=ATTHACTMGAAWMBKWGTA_NC_015944.1+;Alias=MEME-1;ID=ATTHACTMGAAWMBKWGTA-MEME-1-2-NC_015944.1;pvalue=2.93e-06;qvalue=1;sequence=GTTTACTATAATTATAGTA;
NC_015944.1,fimo,nucleotide_motif,203356,203374,54,+,.,Name=ATTHACTMGAAWMBKWGTA_NC_015944.1+;Alias=MEME-1;ID=ATTHACTMGAAWMBKWGTA-MEME-1-3-NC_015944.1;pvalue=3.99e-06;qvalue=1;sequence=ACGAACTCGAACTGGAGTA;
NC_015944.1,fimo,nucleotide_motif,95399,95417,51.6,+,.,Name=ATTHACTMGAAWMBKWGTA_NC_015944.1+;Alias=MEME-1;ID=ATTHACTMGAAWMBKWGTA-MEME-1-4-NC_015944.1;pvalue=6.93e-06;qvalue=1;sequence=GTGTATTCGAGTCGTAGTC;
NC_015944.1,fimo,nucleotide_motif,41559,41577,51.4,-,.,Name=ATTHACTMGAAWMBKWGTA_NC_015944.1-;Alias=MEME-1;ID=ATTHACTMGAAWMBKWGTA-MEME-1-5-NC_015944.1;pvalue=7.29e-06;qvalue=1;sequence=ATTCACGAGTGACGGTGTC;
NC_015944.1,fimo,nucleotide_motif,249097,249115,50.5,+,.,Name=ATTHACTMGAAWMBKWGTA_NC_015944.1+;Alias=MEME-1;ID=ATTHACTMGAAWMBKWGTA-MEME-1-6-NC_015944.1;pvalue=8.98e-06;qvalue=1;sequence=GCGAAGTCGAAACCGTGTA;
NC_015944.1,fimo,nucleotide_motif,134420,134438,49.8,-,.,Name=ATTHACTMGAAWMBKWGTA_NC_015944.1-;Alias=MEME-1;ID=ATTHACTMGAAWMBKWGTA-MEME-1-7-NC_015944.1;pvalue=1.04e-05;qvalue=1;sequence=AATTACTATAATTATAGTA;
NC_015944.1,fimo,nucleotide_motif,342697,342715,49.6,-,.,Name=ATTHACTMGAAWMBKWGTA_NC_015944.1-;Alias=MEME-1;ID=ATTHACTMGAAWMBKWGTA-MEME-1-8-NC_015944.1;pvalue=1.1e-05;qvalue=1;sequence=ATGTACTCGGCACTTTGTC;
NC_015944.1,fimo,nucleotide_motif,72054,72072,48.6,-,.,Name=ATTHACTMGAAWMBKWGTA_NC_015944.1-;Alias=MEME-1;ID=ATTHACTMGAAWMBKWGTA-MEME-1-9-NC_015944.1;pvalue=1.39e-05;qvalue=1;sequence=AAGAACTCGACAAGGAGTG;
NC_015944.1,fimo,nucleotide_motif,389787,389805,48.1,-,.,Name=ATTHACTMGAAWMBKWGTA_NC_015944.1-;Alias=MEME-1;ID=ATTHACTMGAAWMBKWGTA-MEME-1-10-NC_015944.1;pvalue=1.53e-05;qvalue=1;sequence=ACTCCCTCTAACAGTAGTA;
NC_015944.1,fimo,nucleotide_motif,330326,330344,46.2,+,.,Name=ATTHACTMGAAWMBKWGTA_NC_015944.1+;Alias=MEME-1;ID=ATTHACTMGAAWMBKWGTA-MEME-1-11-NC_015944.1;pvalue=2.39e-05;qvalue=1;sequence=GTGATTTCGAACCCGAGTC;
NC_015944.1,fimo,nucleotide_motif,142296,142314,45.8,+,.,Name=ATTHACTMGAAWMBKWGTA_NC_015944.1+;Alias=MEME-1;ID=ATTHACTMGAAWMBKWGTA-MEME-1-12-NC_015944.1;pvalue=2.63e-05;qvalue=1;sequence=AATCCCTACGATTCGAGTC;
NC_015944.1,fimo,nucleotide_motif,359044,359062,45.7,+,.,Name=ATTHACTMGAAWMBKWGTA_NC_015944.1+;Alias=MEME-1;ID=ATTHACTMGAAWMBKWGTA-MEME-1-13-NC_015944.1;pvalue=2.68e-05;qvalue=1;sequence=GCTACTTCGGTTCCGAGTC;
NC_015944.1,fimo,nucleotide_motif,95098,95116,45,-,.,Name=ATTHACTMGAAWMBKWGTA_NC_015944.1-;Alias=MEME-1;ID=ATTHACTMGAAWMBKWGTA-MEME-1-14-NC_015944.1;pvalue=3.18e-05;qvalue=1;sequence=ATGATTTCGGTTCGTAGTC;
NC_015944.1,fimo,nucleotide_motif,121472,121490,44.9,+,.,Name=ATTHACTMGAAWMBKWGTA_NC_015944.1+;Alias=MEME-1;ID=ATTHACTMGAAWMBKWGTA-MEME-1-15-NC_015944.1;pvalue=3.25e-05;qvalue=1;sequence=GCTCACGCTGAAACTAGTC;
NC_015944.1,fimo,nucleotide_motif,139092,139110,44.6,+,.,Name=ATTHACTMGAAWMBKWGTA_NC_015944.1+;Alias=MEME-1;ID=ATTHACTMGAAWMBKWGTA-MEME-1-16-NC_015944.1;pvalue=3.43e-05;qvalue=1;sequence=TCATAGTCGAATCTGTGTA;
NC_015944.1,fimo,nucleotide_motif,321296,321314,44.1,-,.,Name=ATTHACTMGAAWMBKWGTA_NC_015944.1-;Alias=MEME-1;ID=ATTHACTMGAAWMBKWGTA-MEME-1-17-NC_015944.1;pvalue=3.85e-05;qvalue=1;sequence=ATTCTTACTGGACTGAGTA;
NC_015944.1,fimo,nucleotide_motif,152398,152416,43.8,+,.,Name=ATTHACTMGAAWMBKWGTA_NC_015944.1+;Alias=MEME-1;ID=ATTHACTMGAAWMBKWGTA-MEME-1-18-NC_015944.1;pvalue=4.17e-05;qvalue=1;sequence=TCTCACGCGTATCCTTGTC;
NC_015944.1,fimo,nucleotide_motif,87858,87876,43.5,+,.,Name=ATTHACTMGAAWMBKWGTA_NC_015944.1+;Alias=MEME-1;ID=ATTHACTMGAAWMBKWGTA-MEME-1-19-NC_015944.1;pvalue=4.43e-05;qvalue=1;sequence=TTGCACGCCAATTCTAGTG;
NC_015944.1,fimo,nucleotide_motif,281378,281396,43.5,-,.,Name=ATTHACTMGAAWMBKWGTA_NC_015944.1-;Alias=MEME-1;ID=ATTHACTMGAAWMBKWGTA-MEME-1-20-NC_015944.1;pvalue=4.45e-05;qvalue=1;sequence=ACACTCACGAGACCGAGTA;
NC_015944.1,fimo,nucleotide_motif,173025,173043,43.2,-,.,Name=ATTHACTMGAAWMBKWGTA_NC_015944.1-;Alias=MEME-1;ID=ATTHACTMGAAWMBKWGTA-MEME-1-21-NC_015944.1;pvalue=4.81e-05;qvalue=1;sequence=GGTCACGCGAATCGGTGTC;
NC_015944.1,fimo,nucleotide_motif,358648,358666,43,-,.,Name=ATTHACTMGAAWMBKWGTA_NC_015944.1-;Alias=MEME-1;ID=ATTHACTMGAAWMBKWGTA-MEME-1-22-NC_015944.1;pvalue=5.01e-05;qvalue=1;sequence=TATACCTCGGGACTTTGTA;
NC_015944.1,fimo,nucleotide_motif,222535,222553,42.9,+,.,Name=ATTHACTMGAAWMBKWGTA_NC_015944.1+;Alias=MEME-1;ID=ATTHACTMGAAWMBKWGTA-MEME-1-23-NC_015944.1;pvalue=5.12e-05;qvalue=1;sequence=TTTCAGAATAACAGGAGTA;
NC_015944.1,fimo,nucleotide_motif,200972,200990,42.9,+,.,Name=ATTHACTMGAAWMBKWGTA_NC_015944.1+;Alias=MEME-1;ID=ATTHACTMGAAWMBKWGTA-MEME-1-24-NC_015944.1;pvalue=5.14e-05;qvalue=1;sequence=TTTTTTTACAGAATGAGTA;
NC_015944.1,fimo,nucleotide_motif,314678,314696,42.9,+,.,Name=ATTHACTMGAAWMBKWGTA_NC_015944.1+;Alias=MEME-1;ID=ATTHACTMGAAWMBKWGTA-MEME-1-25-NC_015944.1;pvalue=5.16e-05;qvalue=1;sequence=GTACATACGGATTGTTGTA;
NC_015944.1,fimo,nucleotide_motif,175901,175919,42.8,+,.,Name=ATTHACTMGAAWMBKWGTA_NC_015944.1+;Alias=MEME-1;ID=ATTHACTMGAAWMBKWGTA-MEME-1-26-NC_015944.1;pvalue=5.28e-05;qvalue=1;sequence=GTAGTTTCCAATACGAGTA;
NC_015944.1,fimo,nucleotide_motif,195237,195255,42.6,-,.,Name=ATTHACTMGAAWMBKWGTA_NC_015944.1-;Alias=MEME-1;ID=ATTHACTMGAAWMBKWGTA-MEME-1-27-NC_015944.1;pvalue=5.55e-05;qvalue=1;sequence=TAACACTCTCAAACGTGTA;
NC_015944.1,fimo,nucleotide_motif,186779,186797,42.2,+,.,Name=ATTHACTMGAAWMBKWGTA_NC_015944.1+;Alias=MEME-1;ID=ATTHACTMGAAWMBKWGTA-MEME-1-28-NC_015944.1;pvalue=6.08e-05;qvalue=1;sequence=GTGAACACCGGACGGTGTC;
NC_015944.1,fimo,nucleotide_motif,87861,87879,41.4,-,.,Name=ATTHACTMGAAWMBKWGTA_NC_015944.1-;Alias=MEME-1;ID=ATTHACTMGAAWMBKWGTA-MEME-1-29-NC_015944.1;pvalue=7.3e-05;qvalue=1;sequence=AATCACTAGAATTGGCGTG;
NC_015944.1,fimo,nucleotide_motif,19035,19053,41.2,-,.,Name=ATTHACTMGAAWMBKWGTA_NC_015944.1-;Alias=MEME-1;ID=ATTHACTMGAAWMBKWGTA-MEME-1-30-NC_015944.1;pvalue=7.62e-05;qvalue=1;sequence=AATTTCTCCAGTCATAGTC;
NC_015944.1,fimo,nucleotide_motif,176354,176372,41.2,-,.,Name=ATTHACTMGAAWMBKWGTA_NC_015944.1-;Alias=MEME-1;ID=ATTHACTMGAAWMBKWGTA-MEME-1-31-NC_015944.1;pvalue=7.62e-05;qvalue=1;sequence=ATACCCTCCGGAATGTGTC;
NC_015944.1,fimo,nucleotide_motif,318318,318336,40.8,+,.,Name=ATTHACTMGAAWMBKWGTA_NC_015944.1+;Alias=MEME-1;ID=ATTHACTMGAAWMBKWGTA-MEME-1-32-NC_015944.1;pvalue=8.22e-05;qvalue=1;sequence=TCGAACGCTACACGGAGTA;
NC_015944.1,fimo,nucleotide_motif,358352,358370,40.7,+,.,Name=ATTHACTMGAAWMBKWGTA_NC_015944.1+;Alias=MEME-1;ID=ATTHACTMGAAWMBKWGTA-MEME-1-33-NC_015944.1;pvalue=8.57e-05;qvalue=1;sequence=GTTTTTGACAGTCGGTGTA;
NC_015944.1,fimo,nucleotide_motif,3212,3230,40.5,-,.,Name=ATTHACTMGAAWMBKWGTA_NC_015944.1-;Alias=MEME-1;ID=ATTHACTMGAAWMBKWGTA-MEME-1-34-NC_015944.1;pvalue=8.8e-05;qvalue=1;sequence=ATTCAGGCGGAACGGATTA;
NC_015944.1,fimo,nucleotide_motif,308379,308397,40.5,-,.,Name=ATTHACTMGAAWMBKWGTA_NC_015944.1-;Alias=MEME-1;ID=ATTHACTMGAAWMBKWGTA-MEME-1-35-NC_015944.1;pvalue=8.8e-05;qvalue=1;sequence=ATAGTCTACTATCGTAGTA;
NC_015944.1,fimo,nucleotide_motif,356860,356878,40.5,-,.,Name=ATTHACTMGAAWMBKWGTA_NC_015944.1-;Alias=MEME-1;ID=ATTHACTMGAAWMBKWGTA-MEME-1-36-NC_015944.1;pvalue=8.84e-05;qvalue=1;sequence=AGGTACTCCAGTCCGTGTA;
NC_015944.1,fimo,nucleotide_motif,36156,36174,40.3,-,.,Name=ATTHACTMGAAWMBKWGTA_NC_015944.1-;Alias=MEME-1;ID=ATTHACTMGAAWMBKWGTA-MEME-1-37-NC_015944.1;pvalue=9.31e-05;qvalue=1;sequence=AATACCACGCACAGGAGTA;
NC_015944.1,fimo,nucleotide_motif,285361,285379,40.1,+,.,Name=ATTHACTMGAAWMBKWGTA_NC_015944.1+;Alias=MEME-1;ID=ATTHACTMGAAWMBKWGTA-MEME-1-38-NC_015944.1;pvalue=9.69e-05;qvalue=1;sequence=ATGAACGAGGCCCGTAGTC;
